Time,Pascal,alt,KMF,ax,ay,az
35962,89613.00,518.25,515.92,-32768,21104,-5848
35992,89614.00,518.16,515.92,2400,-12984,-4336
36023,89614.00,518.16,515.93,-7752,-11848,4680
36052,89615.00,518.07,515.93,7044,-10496,-484
36083,89616.00,517.98,515.94,1632,-18788,1116
36113,89617.00,517.88,515.95,1468,-18336,-3276
36144,89617.00,517.88,515.95,2436,-15144,-2248
36174,89618.00,517.79,515.96,3788,-17436,1444
36204,89618.00,517.79,515.96,1880,-20408,-4656
36235,89619.00,517.70,515.97,1696,-19972,-3608
36264,89619.00,517.70,515.97,5996,-22948,-1856
36298,89619.00,517.70,515.98,2328,-21072,-1604
36329,89619.00,517.70,515.99,4236,-18628,-1804
36360,89620.00,517.60,515.99,3364,-21200,-1020
36390,89621.00,517.51,516.00,2924,-26480,-2480
36421,89621.00,517.51,516.00,2564,-32768,-6284
36452,89621.00,517.51,516.01,5136,-32704,-4352
36483,89621.00,517.51,516.02,3296,-32768,-2208
36513,89622.00,517.42,516.02,4916,-32768,-280
36544,89624.00,517.23,516.03,7568,-32768,-2112
36575,89624.00,517.23,516.03,3976,-32768,-1136
36609,89625.00,517.14,516.04,5640,-32768,1260
36639,89625.00,517.14,516.04,4308,-32768,-628
36670,89625.00,517.14,516.05,2540,-32768,6452
36701,89626.00,517.04,516.05,6632,-31548,4364
36731,89626.00,517.04,516.06,7320,-32768,7180
36762,89626.00,517.04,516.06,6984,-29028,4384
36793,89626.00,517.04,516.06,5088,-23668,984
36837,89626.00,517.04,516.07,2048,-24244,6948
36868,89625.00,517.14,516.07,6720,-5464,2536
36898,89626.00,517.04,516.08,1464,636,-3316
36929,89625.00,517.14,516.09,-624,584,-644
36963,89625.00,517.14,516.09,448,616,-1744
36994,89625.00,517.14,516.10,88,308,-1272
37033,89625.00,517.14,516.10,332,172,-1392
37063,89625.00,517.14,516.11,156,300,-1280
37094,89625.00,517.14,516.11,92,100,-1236
37125,89624.00,517.23,516.12,200,112,-1364
37155,89624.00,517.23,516.13,168,84,-1308
37185,89624.00,517.23,516.13,220,128,-1288
37216,89624.00,517.23,516.14,272,144,-1172
37246,89624.00,517.23,516.15,284,-40,-1184
37277,89624.00,517.23,516.15,272,-24,-1268
37307,89623.00,517.32,516.16,284,24,-1360
37342,89623.00,517.32,516.17,324,76,-1340
37372,89624.00,517.23,516.17,320,100,-1320
37402,89624.00,517.23,516.18,228,28,-1244
37433,89624.00,517.23,516.19,232,-36,-1148
37464,89623.00,517.32,516.19,188,-8,-1344
37494,89623.00,517.32,516.20,296,-40,-1336
37524,89623.00,517.32,516.21,352,-140,-1424
37555,89623.00,517.32,516.22,432,-232,-1324
37585,89623.00,517.32,516.23,428,-168,-1332
37616,89623.00,517.32,516.23,596,-164,-1284
37646,89623.00,517.32,516.24,624,-208,-1340
37677,89623.00,517.32,516.25,852,-252,-1428
37711,89623.00,517.32,516.26,828,-356,-1164
37742,89622.00,517.42,516.27,948,-300,-1528
37772,89622.00,517.42,516.28,1044,-748,-1360
37803,89622.00,517.42,516.28,940,-488,-1308
37833,89623.00,517.32,516.29,1108,-288,-1772
37864,89623.00,517.32,516.30,780,-272,-1400
37895,89628.00,516.86,516.31,22304,-32768,32767
37924,89628.00,516.86,516.31,-9288,1708,22152
37955,89637.00,516.02,516.31,-17488,-19792,32767
37986,89642.00,515.56,516.30,568,-19700,32767
38017,89647.00,515.09,516.29,12136,-18076,24592
38051,89648.00,515.00,516.28,12392,-32768,-256
38082,89650.00,514.81,516.27,9208,-32732,2592
38112,89650.00,514.81,516.26,6688,-32768,5192
38142,89652.00,514.81,516.24,-1624,-32768,6380
38173,89652.00,514.63,516.23,3420,-27380,13352
38204,89653.00,514.53,516.21,4444,-18580,7580
38235,89654.00,514.44,516.20,-2420,-32768,-1860
38265,89653.00,514.53,516.18,6508,-27892,-528
38296,89653.00,514.53,516.16,1036,-20352,-2800
38327,89653.00,514.53,516.15,-256,-20556,4360
38361,89653.00,514.53,516.13,2936,-12644,1296
38391,89653.00,514.53,516.11,888,-12328,-1516
38422,89652.00,514.63,516.10,-312,-12584,736
38453,89652.00,514.63,516.08,1032,-12988,-3144
38483,89652.00,514.63,516.06,312,-17776,-4492
38528,89650.00,514.81,516.05,1428,-19340,-5528
38558,89650.00,514.81,516.03,10960,-9376,-13756
38589,89649.00,514.91,516.02,-596,-16196,1700
38620,89649.00,514.91,516.01,2224,-18136,-5072
38650,89649.00,514.91,515.99,1096,-16004,-2660
38681,89650.00,514.91,515.98,1836,-15720,-5536
38715,89650.00,514.81,515.97,864,-16580,-6704
38746,89649.00,514.91,515.95,608,-15780,-2564
38776,89649.00,514.91,515.94,-1876,-23996,-5268
38815,89649.00,514.91,515.93,-3564,-17392,728
38846,89649.00,514.91,515.91,1496,-15964,-2036
38877,89649.00,514.91,515.90,1764,-16104,-1588
38907,89649.00,514.91,515.89,2472,-16032,-1848
38938,89649.00,514.91,515.88,2412,-15932,-2384
38969,89649.00,514.91,515.86,2292,-16044,-2708
38999,89649.00,514.91,515.85,1952,-16008,-2472
39029,89649.00,514.91,515.84,1952,-16056,-2432
39064,89649.00,514.91,515.83,2044,-16076,-2372
39095,89648.00,515.00,515.82,2080,-16048,-2432
39126,89649.00,514.91,515.80,2036,-16064,-2608
39156,89649.00,514.91,515.79,2092,-15952,-2620
39187,89649.00,514.91,515.78,2180,-16004,-2572
39217,89649.00,514.91,515.77,2136,-15968,-2576
39247,89649.00,514.91,515.76,2152,-16088,-2544
39278,89650.00,514.81,515.74,2180,-16024,-2528
39309,89649.00,514.91,515.73,2144,-16164,-2640
39340,89650.00,514.81,515.72,2224,-16080,-2628
39370,89649.00,514.91,515.71,2136,-15924,-2616
39404,89649.00,514.91,515.70,2140,-15992,-2548
39435,89649.00,514.91,515.69,2116,-16052,-2572
39465,89649.00,514.91,515.67,2012,-16000,-2520
39496,89649.00,514.91,515.66,2188,-16124,-2516
39527,89649.00,514.91,515.65,2220,-16044,-2532
39558,89649.00,514.91,515.64,2112,-16028,-2612
39587,89649.00,514.91,515.63,2076,-16028,-2604
39618,89649.00,514.91,515.62,2076,-16024,-2604
39649,89649.00,514.91,515.61,2072,-15952,-2408
39680,89649.00,514.91,515.60,2084,-16008,-2432
39713,89649.00,514.91,515.59,2160,-15968,-2480
39744,89648.00,515.00,515.59,2108,-15960,-2508
39775,89648.00,515.00,515.58,2136,-16064,-2456
39805,89648.00,515.00,515.57,2200,-15960,-2628
39836,89648.00,515.00,515.56,2232,-16048,-2496
39867,89648.00,515.00,515.55,2204,-16048,-2588
39897,89648.00,515.00,515.55,2092,-16012,-2516
39927,89648.00,515.00,515.54,2116,-16052,-2492
39958,89648.00,515.00,515.53,2040,-16040,-2636
39989,89648.00,515.00,515.52,2052,-16044,-2488
40019,89648.00,515.00,515.52,2104,-16048,-2580
40053,89647.00,515.09,515.51,2092,-16064,-2512
40084,89647.00,515.09,515.50,2140,-16096,-2620
40115,89647.00,515.09,515.50,2032,-16036,-2552
40145,89647.00,515.09,515.49,2000,-15960,-2536
40176,89648.00,515.00,515.49,2100,-16060,-2552
40220,89648.00,515.00,515.48,1984,-16068,-2568
40251,89648.00,515.00,515.47,2108,-16104,-2512
40282,89648.00,515.00,515.47,2112,-16068,-2552
40312,89648.00,515.00,515.46,-1856,-16260,5584
40343,89648.00,515.00,515.46,1316,-14884,-4192
40374,89648.00,515.00,515.45,11756,-17612,-9400
40408,89648.00,515.00,515.44,6808,-32768,-1060
40438,89648.00,515.00,515.44,2660,-32768,-5128
40469,89648.00,515.00,515.43,6472,-32768,-7488
40500,89648.00,515.00,515.43,9152,-32768,-12544
40529,89648.00,515.00,515.42,12292,-32328,-14548
40560,89648.00,515.00,515.42,10844,-32768,-6592
40600,89648.00,515.00,515.41,-2888,-32768,3324
40631,89647.00,515.09,515.41,10740,-29044,1456
40662,89647.00,515.09,515.40,8608,-32768,-18836
40692,89647.00,515.09,515.40,-3528,-32768,-10168
40726,89647.00,515.09,515.40,-4304,-32768,-4008
40757,89647.00,515.09,515.39,-5720,-27548,-968
40787,89647.00,515.09,515.39,-4964,-21804,4192
40818,89647.00,515.09,515.38,-2648,-12784,2020
40848,89647.00,515.09,515.38,-620,120,-684
40879,89646.00,515.18,515.38,-804,696,-428
40909,89645.00,515.28,515.38,-624,556,-520
40939,89645.00,515.28,515.38,128,536,-1380
40970,89645.00,515.28,515.38,264,532,-1396
41000,89644.00,515.37,515.38,280,396,-1332
41030,89642.00,515.56,515.38,64,384,-1216
41065,89642.00,515.56,515.38,244,408,-1232
41095,89641.00,515.65,515.38,120,240,-1148
41125,89640.00,515.74,515.39,212,172,-1304
41156,89640.00,515.74,515.39,156,304,-1212
41186,89640.00,515.74,515.39,212,156,-1272
41217,89640.00,515.74,515.40,164,164,-1204
41247,89639.00,515.84,515.40,260,184,-1400
41277,89639.00,515.84,515.41,236,152,-1328
41308,89639.00,515.84,515.41,256,252,-1300
41338,89638.00,515.93,515.42,300,192,-1368
41368,89638.00,515.93,515.42,312,8,-1368
41399,89638.00,515.93,515.43,132,112,-1360
41433,89638.00,515.93,515.43,248,56,-1268
41463,89637.00,516.02,515.44,400,56,-1488
41494,89637.00,516.02,515.45,268,100,-1472
41524,89636.00,516.11,515.45,144,28,-1500
41554,89636.00,516.11,515.46,92,20,-1684
41584,89636.00,516.11,515.47,156,20,-1692
41615,89636.00,516.11,515.48,172,-96,-1832
41646,89634.00,516.30,515.48,76,-36,-1952
41675,89634.00,516.30,515.49,48,-20,-1932
41706,89634.00,516.30,515.50,-64,-84,-2160
41737,89634.00,516.30,515.51,-52,-188,-1992
41766,89634.00,516.30,515.52,-36,-72,-2140
41801,89634.00,516.30,515.53,276,56,-2512
41831,89634.00,516.30,515.54,-120,96,-2572
41862,89634.00,516.30,515.55,188,160,-2580
41906,89634.00,516.30,515.55,32767,30780,32767
41936,89612.00,518.35,515.59,32767,7144,24020
41967,89601.00,519.37,515.63,4552,-32768,6360
41998,89592.00,520.21,515.69,14048,-26228,-31312
42029,89586.00,520.77,515.76,-200,-22968,-4520
42058,89583.00,521.05,515.84,1956,-32092,6320
42089,89580.00,521.32,515.93,12516,-27376,-5540
42120,89580.00,521.32,516.03,5368,-28888,932
42153,89579.00,521.42,516.13,1040,-27620,-4676
42184,89579.00,521.42,516.25,5184,-28860,-1424
42215,89580.00,521.32,516.36,5396,-24612,-3516
42246,89580.00,521.32,516.49,-3468,-21108,-11960
42276,89582.00,521.14,516.61,-1744,-19752,-4448
42307,89583.00,521.05,516.73,-516,-19960,-2140
42337,89583.00,521.05,516.86,1876,-16352,-9000
42377,89586.00,520.77,516.99,-2084,-22980,1856
42407,89586.00,520.77,517.11,4924,-13908,-4656
42438,89588.00,520.58,517.23,732,-14368,496
42472,89589.00,520.49,517.34,416,-17324,-1464
42503,89591.00,520.30,517.45,3452,-12612,-1872
42533,89592.00,520.21,517.55,3588,-17492,3692
42563,89594.00,520.02,517.64,2992,-15932,-2208
42594,89595.00,519.93,517.73,-1136,-17880,-1084
42625,89595.00,519.93,517.81,1644,-18284,-508
42655,89596.00,519.84,517.89,-588,-17416,-1672
42686,89598.00,519.65,517.95,1388,-19136,-2120
42716,89599.00,519.56,518.01,2480,-15444,-2236
42746,89599.00,519.56,518.07,1184,-14868,-708
42777,89601.00,519.37,518.12,2576,-15984,-3520
42812,89602.00,519.28,518.16,2476,-13000,-3096
42842,89603.00,519.28,518.20,9056,-16256,-3100
42872,89603.00,519.18,518.24,-1496,-16288,2628
42903,89604.00,519.09,518.27,5380,-16248,-5436
42934,89605.00,519.00,518.29,5288,-15540,-7648
42964,89606.00,518.91,518.31,1276,-15944,-1236
42994,89608.00,518.72,518.33,1176,-15772,-1256
43025,89608.00,518.72,518.34,852,-16276,-1780
43056,89608.00,518.72,518.35,1448,-15964,-1164
43086,89609.00,518.63,518.36,3484,-15756,-180
43116,89609.00,518.63,518.37,1348,-16292,-576
43151,89610.00,518.53,518.37,1932,-16088,-2616
43182,89611.00,518.44,518.37,2768,-15968,-3012
43212,89612.00,518.35,518.37,2580,-15940,-2872
43242,89612.00,518.35,518.37,1956,-15992,-2316
43273,89613.00,518.35,518.37,2060,-16048,-2460
43303,89613.00,518.25,518.37,2120,-16028,-2476
43334,89615.00,518.07,518.36,2116,-16028,-2700
43364,89616.00,517.98,518.35,2124,-16060,-2552
43395,89616.00,517.98,518.34,2020,-16100,-2528
43425,89617.00,517.88,518.33,2132,-15972,-2608
43456,89618.00,517.79,518.32,2108,-16064,-2608
43490,89619.00,517.70,518.31,2192,-16040,-2468
43521,89619.00,517.70,518.29,2184,-16060,-2524
43551,89619.00,517.70,518.28,2164,-15988,-2508
43596,89621.00,517.51,518.26,2200,-15964,-2560
43626,89621.00,517.51,518.24,2144,-16008,-2508
43657,89621.00,517.51,518.23,2128,-16056,-2580
43687,89621.00,517.51,518.21,2088,-16032,-2424
43718,89622.00,517.42,518.20,2088,-15952,-2580
43749,89622.00,517.42,518.18,2096,-16044,-2644
43779,89623.00,517.32,518.16,2132,-16044,-2540
43813,89623.00,517.32,518.14,2120,-16000,-2620
43844,89623.00,517.32,518.12,2132,-15972,-2476
43874,89624.00,517.23,518.11,2156,-15988,-2388
43905,89625.00,517.14,518.09,2208,-16024,-2492
43935,89625.00,517.14,518.07,2368,-16044,-2480
43966,89626.00,517.04,518.04,2208,-16008,-2392
43996,89626.00,517.04,518.02,2100,-16012,-2640
44026,89627.00,516.95,518.00,2128,-16068,-2708
44057,89627.00,516.95,517.98,2096,-16020,-2608
44088,89628.00,516.86,517.96,2128,-16032,-2540
44119,89628.00,516.86,517.93,2008,-15964,-2488
44162,89628.00,516.86,517.91,2136,-16008,-2640
44192,89628.00,516.86,517.89,2044,-16032,-2656
44222,89629.00,516.77,517.86,2148,-15980,-2556
44253,89629.00,516.77,517.84,2184,-16000,-2528
44283,89629.00,516.77,517.82,2180,-15960,-2688
44314,89629.00,516.77,517.80,2208,-16028,-2584
44344,89629.00,516.77,517.78,2136,-16028,-2464
44375,89629.00,516.77,517.75,2164,-16032,-2520
44405,89629.00,516.77,517.73,2128,-15968,-2396
44436,89630.00,516.67,517.71,2016,-16008,-2488
44466,89630.00,516.67,517.69,2196,-16008,-2512
44500,89631.00,516.58,517.67,2096,-15996,-2480
44531,89631.00,516.58,517.64,2164,-15992,-2552
44561,89631.00,516.58,517.62,2160,-16084,-2600
44592,89631.00,516.58,517.60,2068,-16072,-2640
44622,89631.00,516.58,517.58,2200,-16028,-2568
44653,89632.00,516.49,517.56,2132,-16004,-2516
44683,89632.00,516.49,517.53,2140,-15928,-2536
44713,89632.00,516.49,517.51,2236,-16016,-2540
44744,89632.00,516.49,517.49,2108,-16000,-2512
44775,89632.00,516.49,517.47,2152,-16060,-2552
44809,89633.00,516.39,517.45,2232,-16100,-2488
44839,89633.00,516.39,517.42,2096,-16056,-2520
44870,89633.00,516.39,517.40,2124,-16096,-2732
44900,89634.00,516.30,517.38,2144,-16080,-2540
44931,89634.00,516.30,517.36,2120,-15960,-2600
44961,89634.00,516.30,517.34,2144,-15944,-2588
44992,89634.00,516.30,517.31,2140,-16036,-2636
45022,89634.00,516.30,517.29,2148,-15980,-2636
45052,89636.00,516.11,517.27,2120,-16048,-2552
45083,89636.00,516.11,517.24,2184,-16068,-2576
45114,89636.00,516.11,517.22,2116,-16048,-2552
45148,89636.00,516.11,517.20,2152,-16020,-2584
45178,89636.00,516.11,517.17,2144,-16056,-2572
45209,89636.00,516.11,517.15,2116,-15956,-2508
45239,89636.00,516.11,517.13,2128,-16044,-2608
45284,89636.00,516.11,517.11,2068,-16060,-2584
45315,89636.00,516.11,517.09,2292,-16024,-2520
45344,89636.00,516.11,517.07,2176,-15972,-2548
45375,89636.00,516.11,517.05,2180,-16064,-2524
45406,89637.00,516.02,517.03,2180,-16096,-2448
45436,89637.00,516.02,517.01,2208,-16036,-2572
45467,89637.00,516.02,516.99,2244,-16092,-2660
45501,89637.00,516.02,516.97,2152,-16000,-2628
45532,89637.00,516.02,516.95,2200,-16020,-2500
45561,89637.00,516.02,516.93,2080,-16076,-2552
45592,89637.00,516.02,516.91,2184,-15776,-2184
45623,89637.00,516.02,516.89,2604,-16124,-3276
45654,89637.00,516.02,516.87,2056,-15972,-2664
45683,89637.00,516.02,516.85,2152,-15928,-2568
45714,89638.00,515.93,516.84,2244,-15944,-2648
45745,89638.00,515.93,516.82,2304,-16116,-2684
45774,89638.00,515.93,516.80,2172,-16020,-2624
45809,89638.00,515.93,516.78,2340,-16064,-2836
45840,89638.00,515.93,516.77,3016,-16068,-3384
45870,89639.00,515.84,516.75,2660,-15776,-2792
45910,89639.00,515.84,516.73,2412,-16024,-2960
45939,89639.00,515.84,516.71,5340,-15448,-4288
45970,89639.00,515.84,516.69,-2352,-17160,-824
46001,89639.00,515.84,516.68,2664,-18844,-4976
46031,89639.00,515.84,516.66,796,-19924,-7172
46061,89639.00,515.84,516.64,7808,-20684,-5080
46092,89639.00,515.84,516.63,2840,-23912,-4456
46123,89639.00,515.84,516.61,4488,-31556,-7860
46156,89639.00,515.84,516.60,1512,-32768,-3988
46187,89640.00,515.74,516.58,1752,-32768,1052
46218,89640.00,515.74,516.56,1208,-32768,-1612
46247,89640.00,515.74,516.55,-620,-32768,-1204
46278,89640.00,515.74,516.53,6492,-32584,-9212
46309,89640.00,515.74,516.52,10992,-32768,-2404
46339,89640.00,515.74,516.50,5128,-32768,5184
46369,89640.00,515.74,516.49,-3756,-32768,4416
46400,89639.00,515.84,516.48,3980,-31700,3140
46431,89640.00,515.74,516.46,9240,-22616,1644
46460,89640.00,515.74,516.45,8580,-23988,-2532
46494,89640.00,515.74,516.44,3796,-16248,-5496
46525,89639.00,515.84,516.42,-4696,-24108,-1924
46556,89639.00,515.84,516.41,68,-13808,4756
46585,89639.00,515.84,516.40,13388,-8044,4232
46615,89638.00,515.93,516.39,2996,-64,-1620
46646,89638.00,515.93,516.39,-456,2408,-2560
46675,89638.00,515.93,516.38,-292,2372,-3232
46706,89638.00,515.93,516.37,-284,2272,-3024
46736,89637.00,516.02,516.36,-400,2024,-2884
46767,89637.00,516.02,516.36,-588,1888,-2660
46796,89637.00,516.02,516.35,-624,1936,-2828
46830,89637.00,516.02,516.35,-600,1708,-2704
46861,89637.00,516.02,516.34,-776,1708,-2716
46891,89637.00,516.02,516.34,-816,1508,-2784
46920,89637.00,516.02,516.33,-708,1436,-2952
46965,89638.00,515.93,516.32,-688,1324,-3020
46996,89638.00,515.93,516.32,-564,1084,-3144
47026,89638.00,515.93,516.31,-496,972,-3056
47056,89638.00,515.93,516.31,-524,756,-3200
47086,89637.00,516.02,516.30,-376,600,-3264
47117,89637.00,516.02,516.30,-196,384,-3400
47147,89636.00,516.02,516.29,-152,264,-3296
47180,89636.00,516.11,516.29,-48,4,-3084
47211,89636.00,516.11,516.29,8,-108,-3260
47242,89634.00,516.30,516.29,212,-316,-2856
47271,89634.00,516.30,516.29,268,-332,-2820
47302,89633.00,516.39,516.29,332,-620,-2672
47333,89633.00,516.39,516.29,220,-632,-2588
47364,89632.00,516.49,516.29,236,-484,-2304
47394,89632.00,516.49,516.29,192,-596,-2108
47425,89632.00,516.49,516.30,-120,-640,-1888
47455,89632.00,516.49,516.30,-240,-752,-1424
47485,89632.00,516.49,516.30,-640,-788,-1748
47520,89633.00,516.39,516.30,-972,-640,-1368
47551,89633.00,516.39,516.31,-1320,-420,-1408
47582,89633.00,516.39,516.31,-1404,-468,-1708
47612,89633.00,516.39,516.31,-2244,-476,-1756
47642,89634.00,516.30,516.31,-32768,-32768,-32768
47682,89603.00,519.18,516.34,-32768,-400,124
47713,89507.00,528.12,516.51,-32416,10036,12348
47744,89443.00,534.08,516.82,-27624,4364,14740
47774,89400.00,538.09,517.33,-13436,5456,1104
47805,89373.00,540.61,518.14,-19312,14604,8764
47836,89356.00,542.19,519.34,-16860,22052,8676
47869,89347.00,543.03,521.03,-20348,19924,-184
47900,89342.00,543.50,523.18,-18136,14764,-6356
47931,89342.00,543.50,525.71,-16552,11452,-4680
47962,89342.00,543.50,528.38,-16020,10928,-964
47992,89343.00,543.40,530.92,-14136,10384,-824
48023,89347.00,543.03,533.08,-15328,11388,-3084
48054,89351.00,542.66,534.81,-13512,10328,-2748
48084,89358.00,542.00,536.07,-12068,10332,-3096
48115,89364.00,542.00,537.05,-10908,10112,-2608
48146,89364.00,541.44,537.73,-11452,7608,-3548
48176,89371.00,540.79,538.17,-11928,6008,-3724
48210,89379.00,540.05,538.42,-14140,5896,-3956
48241,89386.00,539.39,538.54,-14980,4296,-5104
48272,89393.00,538.74,538.56,-13796,3436,-5560
48303,89400.00,538.09,538.51,-14172,3016,-6844
48333,89407.00,537.44,538.41,-13188,1440,-7204
48364,89407.00,537.44,538.33,-14100,1636,-6892
48395,89414.00,536.78,538.21,-14976,2220,-9252
48425,89421.00,536.13,538.05,-11064,1456,-11776
48455,89427.00,535.57,537.87,-12608,1740,-10596
48486,89433.00,535.01,537.67,-10804,768,-12392
48521,89437.00,534.64,537.45,-11460,744,-12936
48551,89442.00,534.18,537.23,-11712,572,-13284
48582,89446.00,533.80,537.00,-12156,-548,-13088
48613,89446.00,533.80,536.78,-12328,-816,-13552
48658,89454.00,533.06,536.53,-10600,-3544,-13756
48689,89459.00,533.06,536.29,-10492,-4648,-14932
48719,89459.00,532.59,536.04,-8512,-5036,-13432
48750,89463.00,532.22,535.78,-8904,-6016,-13500
48781,89467.00,531.84,535.52,-9024,-6632,-15232
48812,89471.00,531.47,535.24,-8268,-8376,-15552
48842,89474.00,531.19,534.96,-8184,-8032,-13392
48877,89478.00,530.82,534.67,-7172,-9692,-10924
48907,89481.00,530.54,534.38,-6028,-11324,-7832
48937,89481.00,530.54,534.11,-7616,-11732,-8644
48968,89485.00,530.17,533.83,-8500,-10648,-10644
48999,89489.00,529.80,533.55,-7156,-11372,-12624
49030,89492.00,529.52,533.26,-6844,-12612,-9872
49060,89495.00,529.24,532.98,-6772,-12584,-8972
49091,89498.00,528.96,532.69,-6372,-12956,-8756
49122,89501.00,528.68,532.40,-6260,-13124,-8548
49153,89501.00,528.68,532.14,-5280,-12636,-8240
49187,89504.00,528.40,531.87,-5932,-12884,-6788
49218,89507.00,528.12,531.60,-5100,-15256,-6616
49248,89510.00,527.84,531.33,-6256,-13104,-7896
49278,89512.00,527.65,531.07,-4208,-10960,-7128
49309,89515.00,527.37,530.81,-4480,-14656,-7588
49340,89518.00,527.10,530.54,-6708,-13496,-6048
49371,89520.00,526.91,530.29,-6064,-14024,-5320
49401,89520.00,526.91,530.06,-4576,-14156,-4984
49432,89523.00,526.63,529.82,-2672,-14856,-5972
49472,89526.00,526.35,529.58,-1604,-13656,-6536
49502,89528.00,526.16,529.34,-1932,-13868,-5852
49537,89531.00,525.89,529.10,-5828,-15612,-3780
49567,89534.00,525.61,528.86,-1664,-16220,-2772
49598,89536.00,525.42,528.63,-2488,-15952,-3404
49629,89537.00,525.33,528.40,-576,-14584,-2820
49659,89539.00,525.14,528.19,-36,-14924,-3380
49690,89539.00,525.14,527.99,-1788,-14780,-2252
49721,89540.00,525.05,527.79,-1512,-13744,-1016
49751,89542.00,524.86,527.60,-1068,-15180,-1120
49781,89545.00,524.58,527.40,-1792,-14576,-692
49812,89546.00,524.49,527.22,320,-12096,-1304
49847,89548.00,524.30,527.03,-72,-15748,-2520
49878,89549.00,524.21,526.85,764,-13160,-3048
49907,89551.00,524.21,526.69,2660,-15416,-3380
49938,89551.00,524.02,526.52,2404,-17552,-2936
49969,89552.00,523.93,526.36,3620,-14304,-1992
49999,89554.00,523.74,526.21,2740,-17044,-1560
50030,89556.00,523.56,526.05,2300,-16376,-1808
50061,89557.00,523.46,525.90,4816,-16492,-2204
50092,89559.00,523.28,525.74,700,-21528,-2800
50122,89559.00,523.28,525.60,456,-17448,-1600
50152,89560.00,523.19,525.46,1692,-18088,-2460
50187,89562.00,523.00,525.32,768,-20044,-4936
50217,89564.00,522.81,525.18,2912,-18440,-5432
50248,89565.00,522.72,525.04,-508,-20168,-3400
50279,89567.00,522.53,524.91,328,-16676,-2408
50324,89569.00,522.35,524.77,1380,-18196,-3024
50355,89569.00,522.35,524.63,1568,-17172,-3212
50385,89571.00,522.16,524.50,1276,-15492,-3272
50415,89572.00,522.07,524.37,660,-16560,-2836
50446,89573.00,522.07,524.25,180,-16124,-2920
50477,89573.00,521.98,524.13,1144,-16192,-3316
50507,89574.00,521.88,524.01,3084,-32768,-18876
50542,89575.00,521.79,523.90,1764,-16632,-3664
50572,89577.00,521.60,523.78,276,-16020,-1904
50603,89578.00,521.51,523.66,2328,-16016,-3892
50633,89579.00,521.42,523.55,6288,-14076,-7108
50664,89580.00,521.32,523.44,-3100,-14336,3612
50695,89580.00,521.32,523.33,1908,-15952,-2272
50725,89580.00,521.32,523.23,2536,-15696,-2988
50756,89582.00,521.14,523.13,1996,-16088,-3308
50786,89582.00,521.14,523.04,1296,-15992,-2664
50817,89583.00,521.05,522.94,3552,-16356,-3740
50851,89584.00,520.95,522.85,292,-16152,-2444
50882,89585.00,520.86,522.75,3192,-16212,-4852
50913,89587.00,520.86,522.67,1052,-16052,-1884
50942,89587.00,520.67,522.57,2128,-15996,-2724
50973,89588.00,520.58,522.48,2068,-15940,-2900
51004,89588.00,520.58,522.40,1876,-16032,-2820
51035,89589.00,520.49,522.31,1936,-16056,-2812
51065,89590.00,520.39,522.22,1900,-15980,-2836
51096,89591.00,520.30,522.14,1916,-15980,-2792
51127,89591.00,520.30,522.06,1916,-15968,-2868
51156,89593.00,520.11,521.97,1856,-16000,-2784
51191,89594.00,520.02,521.89,2004,-16024,-2808
51222,89595.00,519.93,521.81,1920,-16052,-2736
51261,89596.00,519.84,521.72,1932,-16020,-2900
51292,89597.00,519.74,521.64,1804,-16024,-2860
51322,89598.00,519.65,521.55,1884,-16020,-2848
51353,89598.00,519.65,521.47,1820,-16104,-2836
51384,89600.00,519.46,521.39,1848,-16060,-2812
51415,89600.00,519.46,521.31,1796,-15988,-2708
51445,89600.00,519.46,521.23,1908,-16052,-2788
51475,89600.00,519.46,521.16,1872,-15980,-2860
51506,89601.00,519.37,521.08,1888,-15960,-2780
51540,89601.00,519.37,521.01,1964,-16076,-2876
51571,89602.00,519.28,520.94,1884,-16020,-2896
51601,89602.00,519.28,520.88,1908,-15996,-2936
51632,89603.00,519.18,520.81,1824,-16020,-2836
51662,89603.00,519.18,520.75,1976,-16048,-2796
51693,89604.00,519.09,520.68,1956,-16000,-2896
51724,89605.00,519.00,520.62,1912,-16032,-2780
51755,89606.00,518.91,520.55,1780,-16080,-2656
51785,89607.00,518.81,520.48,1892,-16028,-2724
51815,89607.00,518.81,520.42,1828,-15996,-2884
51850,89607.00,518.81,520.36,1824,-16020,-2824
51880,89607.00,518.81,520.30,1864,-16000,-2852
51911,89609.00,518.63,520.24,1904,-16056,-2776
51941,89609.00,518.63,520.18,1896,-15980,-2776
51972,89610.00,518.53,520.12,1976,-16072,-2780
52018,89610.00,518.53,520.06,1988,-15968,-2856
52047,89611.00,518.44,520.00,1976,-16020,-2892
52078,89611.00,518.44,519.94,1960,-16084,-2808
52109,89611.00,518.44,519.89,1868,-16084,-2700
52140,89612.00,518.35,519.83,1912,-16068,-2856
52170,89613.00,518.25,519.78,1932,-16068,-2920
52204,89613.00,518.25,519.72,1948,-16028,-2880
52235,89613.00,518.25,519.67,1888,-15992,-2832
52265,89614.00,518.16,519.62,1848,-16048,-2740
52296,89615.00,518.07,519.56,1820,-16016,-2764
52326,89615.00,518.07,519.51,1852,-15916,-2936
52357,89616.00,517.98,519.46,1860,-16052,-2760
52387,89616.00,517.98,519.41,1940,-16028,-2748
52418,89616.00,517.98,519.36,1932,-15956,-2784
52449,89616.00,517.98,519.31,1944,-16056,-2740
52480,89616.00,517.98,519.27,1892,-15940,-2800
52509,89616.00,517.98,519.22,1876,-16064,-2772
52544,89617.00,517.88,519.18,1984,-16060,-2800
52575,89617.00,517.88,519.14,1924,-16028,-2804
52605,89617.00,517.88,519.10,1872,-16068,-2872
52635,89617.00,517.88,519.06,1812,-16008,-2796
52666,89617.00,517.88,519.02,1832,-16028,-2716
52697,89617.00,517.88,518.98,1864,-15976,-2888
52727,89618.00,517.79,518.94,1912,-16056,-2800
52758,89618.00,517.79,518.91,1888,-15980,-2836
52788,89618.00,517.79,518.87,1996,-16016,-2896
52818,89618.00,517.79,518.84,1992,-16020,-2844
52853,89619.00,517.70,518.81,1876,-16020,-2848
52883,89619.00,517.70,518.77,1912,-16004,-2828
52914,89618.00,517.79,518.74,1876,-16068,-2840
52944,89619.00,517.70,518.71,1876,-16028,-2680
52975,89619.00,517.70,518.68,1868,-15928,-2740
53006,89619.00,517.70,518.65,1856,-16084,-2836
53045,89619.00,517.70,518.63,2008,-15952,-2860
53075,89620.00,517.60,518.60,1884,-15932,-2892
53106,89620.00,517.60,518.57,1940,-15984,-2724
53137,89620.00,517.60,518.54,1924,-16068,-2888
53167,89620.00,517.60,518.52,1900,-16104,-2780
53201,89621.00,517.51,518.49,1900,-16084,-2856
53232,89621.00,517.51,518.46,1912,-16032,-2756
53263,89622.00,517.42,518.43,1892,-16028,-2836
53293,89623.00,517.32,518.40,1860,-16112,-2888
53323,89623.00,517.32,518.37,2024,-16100,-2796
53354,89623.00,517.32,518.35,1992,-15972,-2844
53385,89623.00,517.32,518.32,1888,-16076,-2772
53415,89623.00,517.32,518.29,1952,-15884,-2864
53445,89623.00,517.32,518.27,1936,-16068,-2776
53476,89623.00,517.32,518.24,1904,-16032,-2820
53507,89623.00,517.32,518.22,1896,-16088,-2876
53540,89624.00,517.23,518.19,1984,-16000,-2768
53571,89624.00,517.23,518.17,1976,-16040,-2816
53602,89624.00,517.23,518.15,2100,-16112,-3068
53633,89624.00,517.23,518.12,2496,-15984,-2968
53678,89625.00,517.14,518.10,4184,-16040,-4408
53708,89625.00,517.14,518.08,4780,-15488,-4400
53739,89625.00,517.14,518.05,-2220,-32768,-11636
53770,89624.00,517.23,518.03,716,-32768,796
53799,89625.00,517.14,518.01,3528,-32768,2744
53830,89625.00,517.14,517.99,6812,-32768,-4628
53865,89625.00,517.14,517.97,1504,-32768,-8112
53895,89625.00,517.14,517.95,-928,-32768,-10868
53925,89625.00,517.14,517.93,4096,-32768,-4848
53956,89625.00,517.14,517.91,11096,-32768,-4988
53987,89625.00,517.14,517.89,13472,-32768,1404
54018,89626.00,517.04,517.87,18820,-32768,-616
54047,89626.00,517.04,517.86,16924,-32392,400
54078,89626.00,517.04,517.84,15580,-24672,-5060
54109,89626.00,517.04,517.82,6160,-15080,-7132
54139,89626.00,517.04,517.80,5532,-1312,-1644
54170,89626.00,517.04,517.78,-456,720,-1864
54204,89626.00,517.04,517.77,-1012,696,-176
54235,89626.00,517.04,517.75,80,632,-1340
54264,89626.00,517.04,517.74,32,564,-1192
54295,89626.00,517.04,517.72,16,516,-1188
54325,89625.00,517.14,517.71,168,436,-1228
54355,89625.00,517.14,517.70,48,248,-1232
54386,89625.00,517.14,517.69,128,312,-1212
54416,89625.00,517.14,517.67,92,228,-1256
54447,89624.00,517.23,517.67,160,212,-1304
54476,89624.00,517.23,517.66,164,168,-1328
54507,89624.00,517.23,517.65,216,232,-1232
54538,89624.00,517.23,517.64,192,96,-1252
54572,89623.00,517.32,517.63,208,96,-1216
54602,89623.00,517.32,517.63,184,84,-1240
54632,89622.00,517.42,517.62,296,28,-1128
54663,89621.00,517.51,517.62,352,28,-1064
54692,89622.00,517.42,517.62,264,128,-1164
54723,89622.00,517.42,517.61,320,72,-1088
54753,89622.00,517.42,517.61,324,76,-1200
54784,89622.00,517.42,517.61,408,44,-1256
54822,89621.00,517.51,517.60,424,-24,-1264
54853,89621.00,517.51,517.60,528,-36,-1316
54884,89621.00,517.51,517.60,496,-84,-1276
54914,89620.00,517.60,517.60,544,8,-1440
54948,89621.00,517.51,517.60,660,-136,-1612
54978,89621.00,517.51,517.60,828,-112,-1200
55009,89621.00,517.51,517.60,676,-88,-1672
55040,89621.00,517.51,517.59,692,-40,-1672
55069,89621.00,517.51,517.59,836,-240,-1448
55100,89621.00,517.51,517.59,868,-192,-1220
55130,89621.00,517.51,517.59,-17236,-1412,32767
55160,89619.00,517.70,517.59,19512,-14888,-16464
55191,89612.00,518.35,517.60,7312,-32768,-18072
55222,89609.00,518.63,517.62,18828,-14116,-4792
55252,89610.00,518.63,517.63,16264,-12736,-10848
55286,89610.00,518.53,517.65,22008,-17816,-9568
55317,89611.00,518.44,517.66,23188,-22600,-12640
55362,89612.00,518.35,517.67,32316,-21876,-12204
55393,89612.00,518.35,517.68,32767,-22740,-14620
55424,89613.00,518.25,517.69,26964,-18028,-12184
55454,89612.00,518.35,517.70,20264,-19452,-12536
55485,89612.00,518.35,517.71,20556,-16348,-15820
55515,89612.00,518.35,517.72,16420,-20024,-16072
55545,89611.00,518.44,517.73,12364,-17728,-13100
55576,89610.00,518.53,517.74,12548,-11328,-9560
55611,89609.00,518.53,517.75,12756,-16000,-11576
55641,89609.00,518.63,517.76,10172,-14588,-10680
55671,89609.00,518.63,517.78,3116,-14856,-8248
55702,89610.00,518.53,517.79,4488,-12320,-8612
55733,89610.00,518.53,517.80,5116,-16796,-10000
55762,89610.00,518.53,517.81,4284,-13000,-7656
55793,89610.00,518.53,517.82,-348,-11888,-7556
55824,89610.00,518.53,517.83,2504,-14248,-6608
55855,89611.00,518.44,517.84,416,-17128,-3172
55884,89611.00,518.44,517.85,-1924,-13588,-1484
55919,89612.00,518.35,517.86,-440,-12184,-2732
55950,89612.00,518.35,517.86,1812,-16500,-280
55980,89613.00,518.25,517.87,-1016,-19576,-3204
56010,89614.00,518.16,517.87,1488,-30004,-4432
56041,89614.00,518.16,517.88,3776,-32164,-7868
56071,89614.00,518.16,517.88,5104,-32768,-13752
56101,89615.00,518.07,517.88,8688,-32768,-12544
56132,89616.00,517.98,517.89,9108,-32768,-9928
56163,89616.00,517.98,517.89,116,-32768,-17540
56193,89617.00,517.88,517.89,6660,-32768,-10888
56223,89617.00,517.88,517.89,11300,-32768,-6384
56258,89617.00,517.88,517.89,20480,-32768,-7812
56288,89617.00,517.88,517.89,16856,-32768,-13424
56318,89617.00,517.88,517.89,12356,-31584,-24604
56349,89618.00,517.79,517.88,9636,-22696,-9484
56380,89618.00,517.79,517.88,1484,-18600,-14128
56411,89618.00,517.79,517.88,4032,-10624,-7820
56440,89619.00,517.70,517.88,1696,760,2120
56471,89619.00,517.70,517.88,920,800,-2244
56501,89618.00,517.79,517.88,400,800,-1796
56531,89618.00,517.79,517.88,172,576,-1360
56561,89618.00,517.79,517.87,20,560,-1364
56604,89618.00,517.79,517.87,-128,480,-1056
56635,89617.00,517.88,517.87,12,352,-1208
56666,89617.00,517.88,517.87,-20,420,-1096
56695,89616.00,517.98,517.87,120,352,-1064
56726,89615.00,518.07,517.88,188,336,-1192
56756,89615.00,518.07,517.88,32,256,-1352
56786,89615.00,518.07,517.88,64,308,-1076
56816,89615.00,518.07,517.88,-32,260,-1288
56847,89615.00,518.07,517.89,52,188,-1280
56877,89614.00,518.16,517.89,168,264,-1156
56907,89615.00,518.07,517.89,312,264,-1072
56937,89615.00,518.07,517.89,196,308,-972
56972,89615.00,518.07,517.89,236,208,-1064
57017,89615.00,518.07,517.90,348,140,-1092
57047,89615.00,518.07,517.90,476,204,-1192
57077,89615.00,518.07,517.90,544,144,-1392
57107,89615.00,518.07,517.90,584,48,-1172
57138,89614.00,518.16,517.90,640,56,-1076
57168,89614.00,518.16,517.91,848,200,-1072
57198,89614.00,518.16,517.91,1004,192,-1280
57229,89614.00,518.16,517.91,968,300,-792
57259,89614.00,518.16,517.91,828,416,-864
57289,89614.00,518.16,517.92,928,420,-792
57323,89613.00,518.25,517.92,32767,27956,15432
57353,89613.00,518.25,517.92,-9868,24248,-1824
57383,89611.00,518.44,517.93,-32768,12976,32767
57413,89611.00,518.44,517.93,6688,-31356,18260
57444,89611.00,518.44,517.94,32767,5816,-26540
57474,89611.00,518.44,517.94,5952,-19020,11908
57504,89611.00,518.44,517.95,5884,-17236,18280
57534,89610.00,518.53,517.95,-3428,-19600,17888
57565,89610.00,518.53,517.96,4092,-20864,19312
57594,89611.00,518.44,517.96,7264,-22804,11892
57625,89610.00,518.53,517.97,10308,-26340,2928
57821,89611.00,518.44,517.98,25612,-32768,-20948
57852,89612.00,518.35,517.98,5088,-25880,-1124
57885,89612.00,518.35,517.98,10012,-23404,-6868
57918,89612.00,518.35,517.99,6684,-22896,-5464
57951,89613.00,518.25,517.99,3240,-18788,-328
57984,89614.00,518.16,517.99,5972,-15980,-2740
58016,89614.00,518.16,517.99,4948,-13840,-1840
58049,89614.00,518.16,517.99,2832,-15980,-4116
58082,89616.00,517.98,517.99,1444,-14816,-1560
58115,89617.00,517.88,517.99,-1472,-23508,-1816
58146,89618.00,517.79,517.99,5064,-27764,-156
58183,89619.00,517.70,517.99,2076,-29984,-6352
58216,89619.00,517.70,517.98,5492,-32768,-8924
58250,89619.00,517.70,517.98,-288,-32768,-12840
58283,89620.00,517.60,517.98,-2072,-32768,-7088
58315,89620.00,517.60,517.98,-3444,-32768,-8132
58348,89620.00,517.60,517.97,10848,-32768,-15424
58382,89621.00,517.51,517.97,5824,-32768,-11664
58415,89621.00,517.51,517.96,8804,-32768,-25800
58447,89622.00,517.42,517.96,10824,-32768,-16696
58481,89622.00,517.42,517.95,5636,-24748,-20308
58527,89621.00,517.51,517.95,2996,-16824,-1892
58560,89621.00,517.51,517.95,3000,-3496,-6852
58593,89620.00,517.60,517.94,7980,-17808,-26620
58626,89620.00,517.60,517.94,-6728,2340,-1264
58659,89620.00,517.60,517.94,-2800,-140,-5016
58692,89620.00,517.60,517.93,-2456,420,-5464
58725,89621.00,517.51,517.93,-2348,904,-5752
58758,89621.00,517.51,517.92,-2336,1360,-5636
58790,89621.00,517.51,517.92,-2112,2072,-5624
58824,89620.00,517.60,517.92,-1880,2404,-5852
58857,89620.00,517.60,517.92,-1840,2888,-5516
58894,89620.00,517.60,517.91,-1872,3272,-5564
58942,89619.00,517.70,517.91,-1640,3496,-5452
58975,89619.00,517.70,517.91,-1780,3668,-5508
59008,89619.00,517.70,517.91,-1840,3560,-5476
59041,89619.00,517.70,517.90,-1744,3384,-5660
59074,89619.00,517.70,517.90,-1540,2968,-5780
59107,89619.00,517.70,517.90,-1244,2584,-5932
59140,89619.00,517.70,517.90,-1032,2032,-5980
59172,89619.00,517.70,517.90,-948,1544,-6012
59205,89620.00,517.60,517.89,-556,900,-6056
59239,89620.00,517.60,517.89,-264,372,-5700
59275,89620.00,517.60,517.89,-220,-320,-5672
59309,89620.00,517.60,517.89,-356,-912,-5380
59341,89620.00,517.60,517.88,-324,-1236,-5296
59374,89620.00,517.60,517.88,-740,-1556,-5012
59407,89620.00,517.60,517.88,-1216,-1732,-4972
59440,89621.00,517.51,517.88,-1844,-1544,-4868
59473,89621.00,517.51,517.87,-2092,-1424,-4856
59506,89621.00,517.51,517.87,-32768,4964,29444
59539,89623.00,517.32,517.87,-32768,15712,19404
59572,89618.00,517.79,517.87,19392,5968,-17472
59606,89600.00,519.46,517.88,-29552,-48,4068
59641,89588.00,520.58,517.90,-19040,-6204,-8952
59675,89580.00,521.32,517.93,-15088,-892,-12888
59708,89574.00,521.88,517.97,-17896,11416,-18704
59741,89570.00,522.26,518.02,-20724,12696,-16792
59774,89567.00,522.53,518.07,-17504,15124,-20652
59807,89567.00,522.53,518.12,-16832,12368,-23868
59840,89567.00,522.53,518.18,-29260,11644,-29708
59873,89567.00,522.53,518.24,-13188,5628,-26720
59907,89567.00,522.53,518.31,-5772,1460,-27044
59939,89567.00,522.53,518.37,-6240,1504,-25792
59976,89567.00,522.53,518.45,-4620,2812,-30828
60009,89568.00,522.44,518.52,4108,-5048,-23180
60042,89569.00,522.35,518.59,11764,-6904,-17048
60076,89570.00,522.26,518.67,9704,-7624,-12392
60108,89571.00,522.16,518.74,6852,-7072,-8484
60141,89572.00,522.07,518.82,1688,-9208,-15140
60174,89573.00,521.98,518.89,1344,-8624,-15192
60207,89574.00,521.88,518.96,1292,-10048,-13680
60240,89575.00,521.79,519.04,8180,-11924,-16640
60273,89575.00,521.79,519.11,6952,-16928,-10208
60306,89577.00,521.60,519.17,3652,-17492,-11500
60343,89577.00,521.60,519.24,4932,-16200,-9244
60376,89578.00,521.51,519.30,2896,-20052,-6732
60409,89579.00,521.42,519.36,3976,-21340,-6200
60451,89580.00,521.32,519.42,2732,-17824,-2864
60484,89581.00,521.23,519.47,2208,-14740,-484
60517,89582.00,521.14,519.52,2060,-17148,-1620
60550,89583.00,521.05,519.56,-4,-19016,-4740
60582,89585.00,520.86,519.60,-1404,-16512,-1164
60616,89586.00,520.77,519.63,-96,-15980,1120
60649,89587.00,520.67,519.66,-1556,-18012,-2404
60682,89588.00,520.58,519.69,-3572,-17324,-1672
60734,89589.00,520.49,519.71,-988,-18312,-2440
60767,89590.00,520.39,519.73,-620,-20484,-940
60801,89591.00,520.30,519.74,-1936,-16536,-1076
60833,89592.00,520.21,519.76,-2744,-18676,2604
60866,89593.00,520.11,519.77,4392,-21884,1700
60899,89593.00,520.11,519.77,680,-20072,640
60932,89595.00,519.93,519.78,-832,-18572,652
60965,89596.00,519.84,519.78,5116,-19732,-948
60998,89597.00,519.74,519.78,1432,-17804,2628
61031,89597.00,519.74,519.78,-3124,-19968,2156
61068,89597.00,519.74,519.78,-456,-23896,4008
61101,89598.00,519.74,519.78,-3488,-23432,1420
61133,89598.00,519.65,519.77,-2348,-18668,2120
61166,89599.00,519.56,519.77,-2308,-19076,2412
61200,89600.00,519.46,519.76,-2848,-17352,768
61233,89600.00,519.46,519.76,1424,-18420,-2132
61265,89600.00,519.46,519.75,2260,-18396,408
61298,89601.00,519.37,519.74,1072,-20364,508
61331,89602.00,519.28,519.73,1048,-17440,-280
61364,89602.00,519.28,519.72,904,-14456,44
61398,89603.00,519.18,519.71,1240,-16176,-408
61433,89603.00,519.18,519.70,236,-15864,-1320
61467,89603.00,519.18,519.69,1016,-16516,-1312
61500,89603.00,519.18,519.68,1140,-14696,-2696
61533,89604.00,519.09,519.67,344,-11748,-2676
61565,89604.00,519.09,519.66,1920,-12404,-1900
61598,89605.00,519.00,519.65,2888,-14068,-600
61631,89605.00,519.00,519.64,2312,-12120,-232
61665,89606.00,518.91,519.62,1932,-10368,-1712
61698,89606.00,518.91,519.61,1744,-10968,-1964
61730,89606.00,518.91,519.60,1520,-14376,-2284
61763,89606.00,518.91,519.58,1460,-14784,-4556
61800,89607.00,518.81,519.57,1592,-11692,-5192
61833,89608.00,518.72,519.56,3424,-13836,-3036
61867,89608.00,518.72,519.54,3940,-15136,-2932
61899,89608.00,518.72,519.53,3392,-13928,-3268
61932,89609.00,518.63,519.51,2676,-14384,-2868
61965,89609.00,518.63,519.49,1844,-12840,-1768
61998,89610.00,518.53,519.48,1188,-14916,-720
62031,89610.00,518.53,519.46,-168,-14928,-1660
62064,89610.00,518.53,519.44,-680,-14068,-2252
62097,89610.00,518.53,519.43,1136,-13460,-2484
62130,89611.00,518.44,519.41,2256,-14928,-2716
62167,89611.00,518.44,519.39,2188,-15428,-3072
62199,89611.00,518.44,519.37,1520,-14508,-3740
62232,89611.00,518.44,519.36,1444,-13364,-4544
62266,89611.00,518.44,519.34,1212,-14220,-4356
62299,89611.00,518.44,519.32,1896,-14928,-4208
62331,89611.00,518.44,519.31,2112,-15144,-4512
62373,89611.00,518.44,519.29,1364,-15308,-4448
62406,89611.00,518.44,519.28,1388,-16928,-4172
62439,89611.00,518.44,519.26,1308,-18212,-4208
62473,89612.00,518.35,519.25,1992,-18280,-5000
62525,89612.00,518.35,519.23,3764,-17596,-2624
62558,89612.00,518.35,519.21,4036,-17576,-2404
62590,89611.00,518.44,519.20,3856,-15060,-2056
62623,89611.00,518.44,519.19,2480,-13480,-2936
62656,89611.00,518.44,519.17,1120,-14180,-2952
62690,89612.00,518.35,519.16,12,-15020,-3392
62723,89612.00,518.35,519.14,256,-12880,-3296
62755,89612.00,518.35,519.13,1836,-13480,-2068
62788,89612.00,518.35,519.11,2200,-15728,-2012
62821,89612.00,518.35,519.10,1324,-15612,-2756
62855,89612.00,518.35,519.09,1356,-15248,-2408
62891,89612.00,518.35,519.07,2200,-15420,-2432
62924,89611.00,518.44,519.06,2224,-15952,-2020
62957,89612.00,518.35,519.05,3256,-14516,-1744
62990,89612.00,518.35,519.04,4160,-15216,-148
63023,89612.00,518.35,519.03,2324,-16824,264
63055,89612.00,518.35,519.02,544,-14308,-652
63088,89613.00,518.25,519.00,580,-18448,-1120
63121,89613.00,518.25,518.99,1644,-21708,-56
63155,89613.00,518.25,518.98,1808,-21540,-540
63187,89613.00,518.25,518.96,2004,-17976,-1328
63220,89613.00,518.25,518.95,740,-15632,-2156
63257,89613.00,518.25,518.94,-800,-15592,-3032
63290,89613.00,518.25,518.93,176,-16092,-2092
63323,89613.00,518.25,518.92,1208,-15720,-1336
63355,89613.00,518.25,518.91,864,-15208,-1760
63388,89613.00,518.25,518.89,996,-14456,-1876
63421,89613.00,518.25,518.88,1276,-13672,-2028
63455,89614.00,518.16,518.87,1820,-15684,-2408
63488,89614.00,518.16,518.86,3140,-15816,-1872
63520,89614.00,518.16,518.85,3864,-16780,-2424
63553,89615.00,518.07,518.84,4616,-16400,-2152
63586,89615.00,518.07,518.82,4416,-17012,-3056
63623,89615.00,518.07,518.81,4540,-17032,-3048
63655,89615.00,518.07,518.80,4968,-17276,-2316
63688,89615.00,518.07,518.79,6024,-21496,464
63721,89616.00,517.98,518.77,5420,-18420,84
63754,89616.00,517.98,518.76,3648,-16660,-940
63788,89616.00,517.98,518.75,2676,-16964,-1400
63820,89616.00,517.98,518.74,2896,-16628,-1152
63853,89616.00,517.98,518.72,3848,-15240,-1052
63886,89617.00,517.88,518.71,4056,-16208,-872
63919,89616.00,517.98,518.70,1228,-15260,-1084
63951,89616.00,517.98,518.69,2512,-15388,-2024
63988,89616.00,517.98,518.67,1564,-13008,-1268
64021,89616.00,517.98,518.66,1740,-14732,-1004
64055,89617.00,517.88,518.65,1416,-15172,-1460
64088,89617.00,517.88,518.64,3884,-16536,-1152
64120,89616.00,517.98,518.63,1708,-17684,192
64153,89616.00,517.98,518.62,1048,-17908,788
64186,89616.00,517.98,518.61,-276,-17452,-2024
64219,89616.00,517.98,518.60,-392,-17488,-712
64251,89616.00,517.98,518.59,1308,-17256,1680
64309,89616.00,517.98,518.58,-36,-15904,2232
64346,89616.00,517.98,518.57,1100,-12988,-36
64378,89616.00,517.98,518.56,1624,-15352,1048
64411,89616.00,517.98,518.55,-104,-17532,1572
64444,89614.00,518.16,518.54,27516,-17964,-27888
64477,89610.00,518.53,518.54,-660,-12436,2356
64509,89607.00,518.81,518.54,6860,-9740,-268
64543,89607.00,518.81,518.55,4024,-12528,-3072
64576,89605.00,519.00,518.56,52,-13960,-132
64609,89603.00,519.18,518.56,-1688,-13280,-176
64642,89602.00,519.28,518.58,852,-13580,-1872
64674,89603.00,519.18,518.58,1120,-15080,-1104
64711,89603.00,519.18,518.59,1268,-16436,-1548
64744,89604.00,519.09,518.60,1720,-15928,-1928
64777,89604.00,519.09,518.61,1764,-17536,-2480
64809,89604.00,519.09,518.61,2428,-17436,-1896
64842,89604.00,519.09,518.62,4844,-16556,1024
64875,89605.00,519.00,518.63,3236,-16072,-540
64908,89606.00,518.91,518.63,1712,-13732,-2380
64941,89606.00,518.91,518.63,-92,-15816,-2352
64973,89606.00,518.91,518.64,-2648,-17180,-3360
65007,89606.00,518.91,518.64,-3828,-16352,-2576
65040,89606.00,518.91,518.65,-1652,-14112,-1700
65077,89607.00,518.81,518.65,-1132,-14904,-1864
65110,89607.00,518.81,518.65,2700,-14364,892
65142,89607.00,518.81,518.65,908,-12884,88
65175,89607.00,518.81,518.65,1312,-14212,-2616
65208,89608.00,518.72,518.66,-712,-16516,-1852
65241,89608.00,518.72,518.66,-2100,-16900,-2040
65273,89608.00,518.72,518.66,-456,-17356,-1860
65306,89608.00,518.72,518.66,-1460,-17596,-948
65340,89608.00,518.72,518.66,-444,-17000,172
65373,89609.00,518.63,518.66,-1384,-17744,-2004
65405,89609.00,518.63,518.66,-344,-16984,-1892
65442,89609.00,518.63,518.66,-28,-16908,-1172
65475,89609.00,518.63,518.66,-120,-16764,1144
65508,89609.00,518.63,518.66,-1112,-18092,516
65541,89610.00,518.53,518.66,-376,-12548,-396
65573,89610.00,518.53,518.65,5892,-15660,-8368
65606,89610.00,518.53,518.65,2476,-15216,-1304
65639,89611.00,518.44,518.65,2580,-17072,1428
65672,89610.00,518.53,518.65,2036,-16356,636
65704,89611.00,518.44,518.65,308,-17412,-64
65737,89612.00,518.35,518.64,164,-12212,-2544
65770,89612.00,518.35,518.64,1552,-12264,-3436
65807,89613.00,518.25,518.64,1720,-15484,-5924
65840,89613.00,518.25,518.63,820,-17148,-4984
65872,89613.00,518.25,518.63,852,-16984,-5116
65906,89613.00,518.25,518.62,1600,-22360,-4560
65939,89614.00,518.16,518.62,3492,-19276,-3880
65972,89615.00,518.07,518.61,2704,-17564,-2064
66004,89615.00,518.07,518.61,2312,-18588,-808
66037,89615.00,518.07,518.60,2240,-14204,-4244
66085,89615.00,518.07,518.59,1220,-16364,-452
66118,89615.00,518.07,518.59,1596,-16916,-1940
66155,89615.00,518.07,518.58,1612,-17216,-5112
66197,89615.00,518.07,518.58,2404,-15040,-2728
66230,89615.00,518.07,518.57,2700,-13708,-2860
66263,89614.00,518.16,518.57,2896,-15632,-2624
66295,89614.00,518.16,518.56,2412,-15748,-3308
66328,89615.00,518.07,518.56,2364,-13916,-4980
66361,89615.00,518.07,518.55,2660,-10008,-8220
66394,89615.00,518.07,518.55,2660,-14136,-8728
66426,89615.00,518.07,518.54,1764,-13608,-5708
66459,89615.00,518.07,518.54,2936,-13632,-2912
66493,89615.00,518.07,518.53,1572,-14764,-3500
66529,89616.00,517.98,518.53,896,-15600,-3832
66562,89615.00,518.07,518.52,2556,-16480,-4292
66595,89616.00,517.98,518.52,3220,-16136,-4648
66628,89616.00,517.98,518.51,1208,-17092,-3568
66661,89615.00,517.98,518.50,1284,-18812,-2316
66694,89615.00,518.07,518.50,2816,-16704,-2288
66726,89615.00,518.07,518.50,3596,-15336,-1912
66759,89616.00,517.98,518.49,2332,-14900,212
66792,89616.00,517.98,518.48,2256,-16160,-156
66825,89616.00,517.98,518.48,-504,-17560,-612
66857,89616.00,517.98,518.47,-1452,-15820,1048
66894,89617.00,517.88,518.47,-768,-15216,1112
66927,89618.00,517.79,518.46,128,-15584,-32
66960,89618.00,517.79,518.45,736,-13836,1028
66993,89618.00,517.79,518.45,588,-14648,1116
67025,89618.00,517.79,518.44,2468,-15188,804
67058,89618.00,517.79,518.43,2680,-14424,-648
67091,89618.00,517.79,518.42,2476,-14248,-1660
67124,89619.00,517.70,518.42,1688,-15404,-1496
67156,89618.00,517.79,518.41,1952,-17520,-1324
67189,89618.00,517.79,518.40,3204,-18632,16
67222,89618.00,517.79,518.40,3584,-18468,104
67259,89618.00,517.79,518.39,3532,-17268,372
67292,89618.00,517.79,518.38,3416,-16992,1080
67324,89618.00,517.79,518.38,3968,-17512,1580
67357,89618.00,517.79,518.37,4448,-18716,1916
67390,89618.00,517.79,518.36,3984,-18540,1516
67423,89618.00,517.79,518.36,3012,-17044,-44
67456,89618.00,517.79,518.35,2416,-17280,228
67488,89618.00,517.79,518.35,2412,-16676,932
67521,89618.00,517.79,518.34,2960,-15592,-992
67554,89618.00,517.79,518.33,3032,-14596,-956
67587,89618.00,517.79,518.33,2632,-13456,-504
67623,89619.00,517.70,518.32,2304,-12804,-976
67656,89619.00,517.70,518.31,3044,-12772,-436
67689,89619.00,517.70,518.31,2408,-12792,-988
67722,89619.00,517.70,518.30,3724,-14400,-476
67755,89619.00,517.70,518.29,2932,-14628,1720
67787,89619.00,517.70,518.29,1140,-15524,484
67820,89620.00,517.60,518.28,2772,-17308,716
67868,89620.00,517.60,518.27,2080,-18724,4056
67901,89620.00,517.60,518.26,1556,-20772,2860
67934,89620.00,517.60,518.26,3368,-18440,4008
67966,89620.00,517.60,518.25,2752,-16488,3672
68003,89620.00,517.60,518.24,2452,-18268,3540
68036,89620.00,517.60,518.24,488,-17708,2828
68069,89620.00,517.60,518.23,1320,-17592,1268
68119,89620.00,517.60,518.22,668,-19728,-2024
68152,89620.00,517.60,518.21,2400,-21512,-1624
68185,89620.00,517.60,518.21,3692,-25580,-1872
68217,89620.00,517.60,518.20,3288,-27676,-6588
68250,89619.00,517.70,518.20,4836,-32044,-5896
68283,89620.00,517.60,518.19,3600,-32768,-2644
68316,89620.00,517.60,518.18,4500,-32768,-144
68353,89619.00,517.70,518.18,2760,-32768,3356
68385,89619.00,517.70,518.17,4144,-32768,5356
68418,89619.00,517.70,518.17,5448,-32736,2232
68451,89619.00,517.70,518.16,-2108,-32336,5248
68484,89619.00,517.70,518.16,-7288,-24168,3208
68516,89619.00,517.70,518.15,6644,-3716,2348
68549,89619.00,517.70,518.15,3660,-828,-680
68582,89619.00,517.70,518.14,-264,1024,-1508
68615,89619.00,517.70,518.14,192,916,-1724
68646,89619.00,517.70,518.13,224,844,-1996
68679,89619.00,517.70,518.13,120,832,-2108
68712,89619.00,517.70,518.12,-24,748,-2048
68749,89619.00,517.70,518.12,-12,772,-2012
68782,89619.00,517.70,518.11,-16,776,-1968
68814,89619.00,517.70,518.11,124,716,-2116
68846,89619.00,517.70,518.10,-76,664,-1956
68879,89619.00,517.70,518.10,-224,512,-2176
68912,89618.00,517.79,518.10,-236,416,-2172
68944,89618.00,517.79,518.09,-172,432,-2196
68977,89618.00,517.79,518.09,-188,376,-2272
69010,89618.00,517.79,518.09,-128,408,-2372
69043,89618.00,517.79,518.08,0,392,-2220
69075,89618.00,517.79,518.08,-52,284,-2320
69111,89617.00,517.88,518.08,68,384,-2400
69144,89617.00,517.88,518.07,128,260,-2520
69177,89617.00,517.88,518.07,304,148,-2464
69209,89616.00,517.98,518.07,512,52,-2432
69241,89616.00,517.98,518.07,384,-60,-2680
69274,89616.00,517.98,518.07,700,-164,-2572
69306,89617.00,517.88,518.07,732,-172,-2416
69339,89617.00,517.88,518.07,1228,-488,-2536
69371,89642.00,515.56,518.04,32767,32767,32767
69404,89705.00,509.70,517.95,-20520,6248,5348
69436,89736.00,506.82,517.81,-10836,2392,-2984
69473,89757.00,504.86,517.61,-5664,7416,-4604
69506,89770.00,503.66,517.34,-2212,3752,-9960
69538,89778.00,502.91,516.99,-2100,1804,-10388
69570,89782.00,502.54,516.54,-2768,264,-9140
69603,89783.00,502.54,515.99,-996,-1092,-8912
69652,89783.00,502.45,515.34,-1620,-3648,-8208
69685,89782.00,502.54,514.60,2712,-32768,-17428
69718,89780.00,502.73,513.79,3536,3116,-9320
69749,89774.00,503.28,512.97,9728,32767,-32768
69782,89761.00,503.28,512.13,-2692,880,5028
69815,89761.00,504.49,511.42,-9736,11128,-264
69851,89752.00,505.33,510.84,26244,3888,-13840
69884,89745.00,505.98,510.36,15056,7432,2240
69917,89738.00,506.63,510.01,11244,-1576,-3592
69950,89733.00,507.09,509.74,11148,-1232,6956
69983,89728.00,507.56,509.54,13564,268,1856
70025,89724.00,507.93,509.41,19164,2640,-636
70057,89721.00,508.21,509.31,15452,-444,-380
70091,89718.00,508.49,509.25,17168,1252,-792
70124,89715.00,508.77,509.21,16760,1112,-636
70157,89713.00,508.95,509.20,16960,568,-304
70190,89710.00,509.23,509.20,16460,1312,120
70226,89708.00,509.42,509.21,15952,164,368
70259,89706.00,509.60,509.23,16888,812,900
70292,89704.00,509.79,509.26,16264,616,-36
70325,89702.00,509.98,509.30,16796,852,12
70358,89699.00,510.25,509.34,16428,840,-152
70391,89699.00,510.25,509.39,16784,748,164
70424,89697.00,510.44,509.43,16396,812,336
70457,89696.00,510.53,509.48,16220,756,480
70490,89694.00,510.72,509.54,16628,852,260
70522,89692.00,510.91,509.60,16680,888,84
70555,89690.00,511.09,509.66,16500,744,136
70588,89689.00,511.18,509.73,16516,728,168
70625,89687.00,511.37,509.80,16716,768,196
70658,89685.00,511.56,509.87,16432,760,176
70690,89683.00,511.74,509.95,16532,864,140
70723,89681.00,511.93,510.03,16428,848,356
70756,89680.00,512.02,510.11,16708,812,176
70790,89678.00,512.21,510.20,16516,792,48
70822,89678.00,512.21,510.28,16436,792,396
70855,89676.00,512.40,510.36,16576,800,316
70888,89675.00,512.49,510.45,16572,888,92
70921,89674.00,512.58,510.54,16408,768,268
70953,89673.00,512.67,510.62,16588,808,232
70986,89672.00,512.76,510.71,16568,832,160
71023,89671.00,512.86,510.80,16628,860,232
71056,89670.00,512.95,510.89,16640,820,252
71089,89669.00,513.05,510.97,16532,864,216
71121,89666.00,513.32,511.07,16580,788,148
71154,89665.00,513.42,511.17,16500,788,264
71187,89663.00,513.60,511.27,16532,764,264
71220,89663.00,513.60,511.36,16532,892,268
71252,89662.00,513.60,511.46,16480,768,212
71285,89662.00,513.70,511.55,16508,888,352
71319,89661.00,513.79,511.64,16476,764,260
71352,89660.00,513.88,511.74,16548,812,352
71388,89657.00,514.16,511.84,16604,856,80
71437,89655.00,514.35,511.94,16620,876,268
71470,89655.00,514.35,512.04,16212,512,200
71503,89655.00,514.35,512.14,16796,800,12
71536,89654.00,514.44,512.24,16432,792,192
71569,89653.00,514.53,512.34,16804,776,68
71602,89653.00,514.53,512.43,16616,828,436
71634,89652.00,514.63,512.52,16552,892,184
71667,89650.00,514.81,512.62,16632,732,192
71700,89650.00,514.81,512.71,16372,976,336
71733,89649.00,514.91,512.81,16404,656,204
71766,89648.00,515.00,512.90,16628,824,244
71802,89647.00,515.09,512.99,16652,1120,104
71835,89647.00,515.09,513.08,16532,880,280
71868,89646.00,515.18,513.17,15204,5488,1612
71901,89646.00,515.18,513.26,19964,-2220,-5464
71943,89645.00,515.28,513.34,19148,5008,2968
71976,89644.00,515.37,513.43,19824,3480,7184
72009,89644.00,515.37,513.51,22736,-1456,1688
72042,89642.00,515.37,513.58,18612,-3076,5804
72075,89642.00,515.56,513.67,17344,-2032,5192
72108,89641.00,515.65,513.75,16040,-4736,3300
72141,89641.00,515.65,513.83,14424,-6756,4836
72177,89640.00,515.74,513.90,12272,-9068,3448
72211,89640.00,515.74,513.98,11544,-9900,3952
72244,89640.00,515.74,514.05,10908,-11412,4316
72276,89639.00,515.84,514.12,10900,-13532,3760
72309,89639.00,515.84,514.19,8048,-13524,3180
72342,89639.00,515.84,514.26,6024,-15004,1868
72376,89639.00,515.84,514.32,7472,-14792,1856
72409,89639.00,515.84,514.38,4328,-13356,2092
72441,89639.00,515.84,514.43,3976,-15636,2348
72474,89639.00,515.84,514.49,5368,-14324,1400
72507,89639.00,515.84,514.54,2216,-16240,608
72544,89639.00,515.84,514.59,3848,-16584,-1484
72577,89639.00,515.84,514.63,2384,-15732,-2712
72610,89638.00,515.93,514.68,1152,-15736,-2940
72643,89636.00,516.11,514.73,560,-16136,-5268
72676,89636.00,516.11,514.78,604,-16696,-5128
72709,89636.00,516.11,514.83,2048,-14032,-5880
72741,89636.00,516.11,514.87,-2944,-14088,-12344
72775,89636.00,516.11,514.92,-1684,-15284,-10768
72808,89634.00,516.30,514.96,2012,-12936,-6704
72841,89634.00,516.30,515.01,-440,-10860,-5636
72873,89634.00,516.30,515.05,-2992,-12724,-6708
72910,89633.00,516.39,515.10,464,-15360,-4288
72944,89632.00,516.49,515.14,1600,-11220,-4328
72977,89632.00,516.49,515.19,-4976,-13516,-10112
73010,89632.00,516.49,515.23,-3608,-20620,-7048
73042,89631.00,516.58,515.28,2576,-18028,-1560
73076,89631.00,516.58,515.32,-2068,-16380,-4964
73109,89630.00,516.67,515.36,-3760,-20876,-4808
73142,89629.00,516.77,515.41,1128,-23992,-316
73175,89629.00,516.77,515.45,4992,-20276,6020
73224,89629.00,516.77,515.49,756,-14160,-4808
73261,89629.00,516.77,515.53,-7176,-12716,-22024
73293,89628.00,516.86,515.57,-7580,-14108,-11640
73327,89627.00,516.95,515.62,14368,-17300,-6648
73360,89626.00,517.04,515.66,17852,-14396,6032
73393,89625.00,517.14,515.71,5816,-11604,7364
73425,89624.00,517.23,515.75,-2188,-11508,-8788
73459,89624.00,517.23,515.80,-13884,-7080,-12964
73492,89624.00,517.23,515.84,-13564,-12112,-14076
73525,89624.00,517.23,515.88,4664,-17688,-5412
73558,89623.00,517.32,515.93,4680,-24280,8844
73591,89623.00,517.32,515.97,6576,-15436,13356
73627,89624.00,517.23,516.01,-76,-13128,-1124
73661,89624.00,517.23,516.05,-5076,-14040,-17000
73694,89624.00,517.23,516.08,-7176,-14192,-14524
73726,89624.00,517.23,516.12,-488,-14608,-6772
73759,89623.00,517.32,516.15,4168,-17256,3640
73792,89623.00,517.32,516.19,6344,-13084,12900
73826,89623.00,517.32,516.22,3172,-14844,6364
73867,89623.00,517.32,516.25,-2980,-12364,-8104
73901,89623.00,517.32,516.28,-8644,-12368,-13004
73933,89622.00,517.42,516.31,-7216,-13136,-12052
73970,89621.00,517.51,516.35,-1720,-16880,-7032
74003,89621.00,517.51,516.38,896,-19152,-1880
74036,89621.00,517.51,516.41,1268,-17876,1348
74068,89620.00,517.60,516.45,1056,-16748,524
74102,89620.00,517.60,516.48,408,-14820,-1224
74135,89619.00,517.70,516.51,-1700,-13484,-2808
74168,89620.00,517.60,516.54,-2860,-13676,-4804
74201,89620.00,517.60,516.57,-3572,-13964,-6048
74233,89620.00,517.60,516.60,-4500,-13816,-6300
74267,89619.00,517.70,516.63,-4808,-13436,-5740
74300,89619.00,517.70,516.66,-4124,-14312,-4712
74337,89618.00,517.79,516.69,-3116,-13500,-2548
74370,89618.00,517.79,516.71,-3688,-13496,-2140
74402,89617.00,517.88,516.75,-3468,-14208,-2200
74435,89617.00,517.88,516.78,-2828,-15196,-1548
74469,89618.00,517.79,516.80,-2652,-16748,-888
74502,89617.00,517.88,516.83,-2584,-16512,-1176
74534,89617.00,517.88,516.86,-3364,-17084,-1912
74567,89616.00,517.98,516.89,-1792,-16028,-1264
74600,89616.00,517.98,516.91,-1052,-17608,-1384
74634,89616.00,517.98,516.94,536,-15872,-1484
74670,89616.00,517.98,516.97,348,-16880,-3456
74703,89617.00,517.88,516.99,-1700,-17268,-1224
74736,89616.00,517.98,517.01,520,-16980,-484
74769,89616.00,517.98,517.04,108,-16316,-2940
74802,89616.00,517.98,517.06,-1392,-20120,-6624
74834,89616.00,517.98,517.08,2252,-16588,-4580
74867,89616.00,517.98,517.11,680,-14588,-2580
74901,89616.00,517.98,517.13,-796,-14088,-2264
74934,89616.00,517.98,517.15,-2216,-14504,-2744
74983,89616.00,517.98,517.17,396,-16568,-5052
75016,89616.00,517.98,517.19,1288,-16964,-4796
75053,89615.00,518.07,517.21,1212,-16756,-2928
75085,89614.00,518.16,517.23,1680,-15164,-3848
75118,89614.00,518.16,517.25,2300,-16432,-3444
75151,89613.00,518.25,517.27,2348,-16476,-4104
75184,89613.00,518.25,517.30,1576,-16600,-5044
75216,89613.00,518.25,517.32,1232,-17588,-6380
75250,89612.00,518.35,517.34,1524,-16172,-4500
75283,89612.00,518.35,517.37,1612,-19392,-6432
75316,89613.00,518.25,517.39,3328,-17628,-5948
75348,89614.00,518.16,517.40,1992,-16508,-5572
75381,89614.00,518.16,517.42,-300,-14604,-4872
75418,89614.00,518.16,517.44,-404,-14684,-4684
75452,89615.00,518.07,517.45,-288,-14864,-3464
75485,89615.00,518.07,517.47,-304,-16128,-4332
75517,89615.00,518.07,517.48,936,-17092,-4340
75550,89615.00,518.07,517.49,1164,-16032,-2344
75583,89615.00,518.07,517.50,-588,-14388,-1744
75616,89615.00,518.07,517.52,-1188,-14604,-2392
75649,89614.00,518.16,517.53,-288,-16536,-2432
75682,89614.00,518.16,517.54,-356,-15520,-2044
75715,89614.00,518.16,517.55,-1404,-15164,-1808
75748,89614.00,518.16,517.57,152,-14708,-2164
75794,89614.00,518.16,517.58,-1292,-16056,-2128
75827,89613.00,518.25,517.59,-2040,-15672,-3252
75859,89613.00,518.25,517.61,-1432,-16796,-3300
75892,89614.00,518.16,517.62,-1040,-17788,-2856
75925,89614.00,518.16,517.63,4,-16804,-2412
75958,89614.00,518.16,517.64,-708,-16152,-2624
75991,89614.00,518.16,517.65,-1540,-16400,-2972
76024,89614.00,518.16,517.66,-472,-16968,-3868
76057,89614.00,518.16,517.67,-72,-16136,-2764
76090,89613.00,518.25,517.68,-180,-15776,-2096
76127,89613.00,518.25,517.69,-736,-15960,-2552
76160,89613.00,518.25,517.70,-696,-15968,-2872
76192,89614.00,518.16,517.71,-900,-16512,-1812
76225,89614.00,518.16,517.72,-200,-17688,-2800
76258,89614.00,518.16,517.72,-456,-16524,-2224
76292,89615.00,518.07,517.73,-464,-15340,-1436
76324,89615.00,518.07,517.74,-616,-15156,-1648
76357,89615.00,518.07,517.74,-32,-15208,-1892
76390,89615.00,518.07,517.75,696,-16520,-1532
76423,89615.00,518.07,517.75,296,-14868,-1548
76455,89615.00,518.07,517.76,124,-13340,-1304
76492,89615.00,518.07,517.76,-1164,-17204,-2340
76525,89615.00,518.07,517.77,-556,-16592,-1892
76558,89615.00,518.07,517.77,204,-14572,-2348
76591,89615.00,518.07,517.78,-1004,-14992,-812
76624,89615.00,518.07,517.78,-1108,-15680,-364
76657,89615.00,518.07,517.79,40,-15696,-672
76690,89615.00,518.07,517.79,32,-15836,-896
76723,89614.00,518.16,517.80,-828,-15848,-1104
76771,89614.00,518.16,517.80,-188,-16748,-1380
76805,89614.00,518.16,517.81,344,-16904,-1780
76837,89614.00,518.16,517.81,868,-18780,-2772
76873,89614.00,518.16,517.82,1916,-18208,-2816
76907,89614.00,518.16,517.82,3372,-13212,2396
76940,89614.00,518.16,517.83,1224,-17292,-3964
76973,89615.00,518.07,517.83,-480,-14688,-3572
77005,89615.00,518.07,517.84,496,-12756,-2960
77038,89615.00,518.07,517.84,1024,-15536,-2736
77071,89615.00,518.07,517.84,552,-15916,-2864
77104,89615.00,518.07,517.85,536,-14056,-2824
77136,89615.00,518.07,517.85,-1100,-14732,-2156
77169,89615.00,518.07,517.85,-1732,-13756,-2456
77206,89615.00,518.07,517.85,-332,-14308,-2508
77239,89615.00,518.07,517.86,536,-13668,-1680
77272,89615.00,518.07,517.86,-872,-18244,-1124
77305,89615.00,518.07,517.86,-1420,-15512,-1396
77338,89615.00,518.07,517.87,2468,-15824,-10092
77371,89615.00,518.07,517.87,-972,-19844,-492
77404,89614.00,518.16,517.87,1128,-18356,-3316
77436,89614.00,518.16,517.88,2276,-18288,-1068
77469,89614.00,518.16,517.88,2752,-17232,-6472
77502,89613.00,518.25,517.88,1540,-18044,-5512
77535,89610.00,518.53,517.89,912,-15948,-3120
77572,89607.00,518.81,517.90,1664,-21932,-2300
77604,89605.00,519.00,517.92,-184,-17008,-2456
77637,89605.00,519.00,517.93,6072,-16936,-8004
77670,89603.00,519.18,517.95,1160,-12720,-1880
77712,89595.00,519.93,517.97,8060,-18744,-11760
77745,89582.00,519.93,518.00,488,-16844,-2008
77778,89582.00,521.14,518.04,-364,-16272,-1872
77811,89563.00,522.91,518.12,724,-16828,-988
77844,89535.00,525.51,518.24,-32,-15940,-2556
77877,89479.00,530.73,518.47,2156,-16004,-3996
77910,89428.00,535.48,518.87,788,-15628,-1944
77946,89393.00,538.74,519.50,472,-15384,-1984
77979,89376.00,540.33,520.41,1548,-17408,-3564
78012,89370.00,540.89,521.62,-6852,-21416,-7008
78045,89368.00,541.07,523.16,-2528,-16092,92
78077,89377.00,540.23,524.85,1112,-16400,-3692
78110,89392.00,538.83,526.50,-32,-16396,-1776
78143,89398.00,538.28,528.04,796,-16136,-3692
78176,89408.00,538.28,529.46,1756,-15460,-2608
78209,89408.00,537.34,530.58,844,-16404,-2444
78241,89437.00,534.64,531.14,1544,-15828,-1552
78274,89468.00,531.75,531.22,244,-15736,-2100
78311,89494.00,529.33,531.00,1004,-15920,-3284
78344,89512.00,527.65,530.64,1348,-15968,-2936
78376,89527.00,526.26,530.19,332,-16348,-2724
78409,89536.00,525.42,529.70,-28,-19244,-184
78442,89538.00,525.23,529.26,456,-15856,-2652
78475,89550.00,524.12,528.75,-2936,-17500,2936
78524,89565.00,522.72,528.16,2572,-15000,-5324
78557,89578.00,521.51,527.50,-1024,-13280,-2600
78589,89587.00,520.67,526.81,584,-16156,-3416
78623,89594.00,520.02,526.11,-988,-17180,-1524
78659,89600.00,519.46,525.41,436,-16352,-3316
78692,89603.00,519.18,524.75,1212,-16200,-4296
78726,89607.00,518.81,524.11,376,-16124,-3260
78758,89609.00,518.63,523.53,1068,-16032,-3268
78791,89610.00,518.53,523.00,872,-16080,-3092
78824,89611.00,518.44,522.54,1156,-16100,-2548
78857,89611.00,518.44,522.12,2300,-16216,-4956
78889,89612.00,518.35,521.75,-476,-16360,-1900
78922,89613.00,518.25,521.41,5424,-15784,-864
78955,89613.00,518.25,521.12,8140,-12768,-1568
78988,89614.00,518.16,520.86,1824,-16752,-4476
79025,89614.00,518.16,520.62,520,-12780,-4064
79057,89615.00,518.07,520.41,-40,-16092,-3016
79090,89615.00,518.07,520.22,-3328,-18452,-6248
79123,89615.00,518.07,520.05,2204,-12652,-440
79156,89615.00,518.07,519.91,1328,-16028,-4628
79188,89614.00,518.16,519.78,-1824,-14876,-1500
79221,89614.00,518.16,519.67,1996,-17280,-9476
79254,89614.00,518.16,519.57,1480,-15016,-1232
79288,89614.00,518.16,519.48,1112,-17568,636
79320,89613.00,518.25,519.40,-3584,-12320,3260
79353,89613.00,518.25,519.33,-388,-16112,-3208
79389,89613.00,518.25,519.27,-540,-16612,-2532
79422,89613.00,518.25,519.21,-592,-15548,-2424
79456,89614.00,518.16,519.16,-1492,-15196,-2816
79489,89614.00,518.16,519.11,-412,-14520,-2680
79521,89614.00,518.16,519.06,-284,-14376,-3832
79554,89614.00,518.16,519.01,-56,-14240,-4020
79587,89614.00,518.16,518.97,-392,-16632,-2816
79629,89614.00,518.16,518.94,-1456,-18020,320
79662,89615.00,518.07,518.90,-188,-20148,-4212
79694,89615.00,518.07,518.86,1712,-13960,-4696
79727,89615.00,518.07,518.83,388,-14820,-624
79764,89616.00,517.98,518.79,276,-16364,-2980
79797,89616.00,517.98,518.76,2224,-16492,-4492
79830,89615.00,518.07,518.73,1880,-13900,-832
79862,89616.00,518.07,518.71,432,-16872,-4492
79895,89616.00,517.98,518.68,-3220,-16736,452
79928,89616.00,517.98,518.66,520,-15952,-4400
79961,89615.00,518.07,518.64,148,-15700,-3996
79993,89615.00,518.07,518.62,4188,-15200,-6064
80026,89615.00,518.07,518.60,1240,-13360,1996
80059,89615.00,518.07,518.58,-2188,-17512,-5548
80096,89615.00,518.07,518.56,304,-16180,-4244
80129,89615.00,518.07,518.55,6604,-8432,8496
80161,89615.00,518.07,518.53,-6708,-28928,10912
80194,89615.00,518.07,518.52,-3236,-12260,-5660
80227,89615.00,518.07,518.50,-640,-15824,-3836
80260,89615.00,518.07,518.49,-48,-15960,-3844
80309,89615.00,518.07,518.48,-748,-16176,-3740
80342,89615.00,518.07,518.47,-660,-12556,-3236
80374,89615.00,518.07,518.46,-3128,-16112,-1664
80407,89616.00,517.98,518.44,644,-15984,-4500
80440,89616.00,517.98,518.43,-1068,-16356,-3668
80476,89615.00,518.07,518.42,1004,-16144,-5680
80508,89615.00,518.07,518.41,-7000,-14752,5024
80542,89615.00,518.07,518.41,-3840,-16208,-1888
80575,89616.00,517.98,518.39,-1196,-16120,-2756
80608,89616.00,517.98,518.38,-24,-16044,-4192
80641,89616.00,517.98,518.37,-1080,-15960,-5068
80673,89616.00,517.98,518.37,-1124,-16576,-3376
80706,89615.00,518.07,518.36,-1304,-16104,-3056
80739,89615.00,518.07,518.35,204,-16172,-3988
80772,89615.00,518.07,518.35,3132,-15908,-7112
80804,89615.00,518.07,518.34,400,-16396,-2220
80840,89616.00,517.98,518.33,-760,-16144,-1936
80873,89616.00,517.98,518.32,-1256,-16580,-4752
80906,89616.00,517.98,518.32,-3572,-16220,-2852
80939,89616.00,517.98,518.31,472,-15948,-3844
80971,89616.00,517.98,518.30,-2672,-15304,-1300
81004,89617.00,517.88,518.29,-348,-15312,-4436
81037,89616.00,517.98,518.29,-1404,-14636,2748
81070,89616.00,517.98,518.28,-3008,-15220,1788
81101,89616.00,517.98,518.28,3056,-18764,-4432
81134,89616.00,517.98,518.27,944,-14820,-5420
81252,89614.00,518.16,518.27,1832,-13828,-3108
81285,89614.00,518.16,518.27,-2844,-15372,-3488
81317,89613.00,518.25,518.27,14396,-27940,-8788
81350,89613.00,518.25,518.27,-10392,-25144,-8468
81383,89613.00,518.25,518.27,6584,-10284,-3044
81415,89613.00,518.25,518.27,4032,-20200,-11628
81447,89613.00,518.25,518.26,-260,-15008,4388
81480,89613.00,518.25,518.26,-5912,-16172,-692
81513,89613.00,518.25,518.26,-32768,-22316,32767
81546,89613.00,518.25,518.26,-2796,-16708,460
81588,89613.00,518.25,518.26,-776,-19192,-3648
81625,89613.00,518.25,518.26,-3248,-19692,-4256
81657,89614.00,518.16,518.26,2200,-18140,-3744
81690,89614.00,518.16,518.26,696,-17384,-5680
81723,89614.00,518.16,518.26,-2960,-16148,-2588
81757,89614.00,518.16,518.26,3048,-16140,-3724
81789,89615.00,518.07,518.26,760,-16260,-1752
81822,89614.00,518.16,518.25,508,-16040,-4280
81855,89615.00,518.07,518.25,-64,-16056,-3408
81889,89615.00,518.07,518.25,176,-15920,-2880
81922,89615.00,518.07,518.25,1308,-16804,-2592
81954,89615.00,518.07,518.24,-44,-16060,-3920
81991,89615.00,518.07,518.24,-736,-16256,-3120
82024,89615.00,518.07,518.24,1804,-16172,-2476
82058,89614.00,518.16,518.24,2448,-14728,-3636
82091,89615.00,518.07,518.24,1664,-13996,-4212
82141,89615.00,518.07,518.23,3068,-17084,-1860
82173,89615.00,518.07,518.23,-1244,-15624,3248
82206,89615.00,518.07,518.23,2344,-15792,-3664
82240,89615.00,518.07,518.23,-728,-16216,-1248
82273,89615.00,518.07,518.23,1252,-16080,-980
82306,89614.00,518.16,518.22,136,-15840,-2236
82342,89614.00,518.16,518.22,720,-16060,-2208
82375,89614.00,518.16,518.22,2080,-16100,-3332
82409,89614.00,518.16,518.22,1760,-17044,-9928
82442,89614.00,518.16,518.22,-13892,-17116,17232
82475,89614.00,518.16,518.22,-28,-18688,100
82507,89614.00,518.16,518.22,2280,-16296,-6416
82541,89614.00,518.16,518.22,-440,-16132,-3088
82574,89613.00,518.25,518.22,5608,-16356,16148
82607,89614.00,518.16,518.22,284,-16148,-728
82639,89614.00,518.16,518.22,9764,-14932,-8000
82673,89613.00,518.25,518.22,4516,-16272,-7088
82710,89613.00,518.25,518.22,976,-9916,4160
82743,89613.00,518.25,518.22,-6228,-11508,11852
82776,89613.00,518.25,518.22,-1252,-15384,2472
82808,89613.00,518.25,518.22,1496,-17460,420
82842,89613.00,518.25,518.22,2696,-18616,-2824
82875,89613.00,518.25,518.22,3332,-18868,-5200
82908,89613.00,518.25,518.22,5736,-15352,-12984
82940,89613.00,518.25,518.22,4512,-17836,-1620
82974,89613.00,518.25,518.22,1516,-16132,2580
83007,89613.00,518.25,518.22,-4840,-16972,-1040
83040,89614.00,518.16,518.22,1820,-15548,-1284
83077,89614.00,518.16,518.22,2616,-16424,-820
83109,89614.00,518.16,518.22,1756,-15552,-1604
83143,89615.00,518.07,518.22,1776,-17692,-728
83176,89615.00,518.07,518.22,3028,-17556,-872
83209,89615.00,518.07,518.22,3148,-16976,-120
83241,89615.00,518.07,518.21,2532,-17528,2428
83274,89615.00,518.07,518.21,2288,-18020,-484
83308,89616.00,517.98,518.21,3408,-16780,-48
83341,89616.00,517.98,518.21,4108,-15476,824
83374,89616.00,517.98,518.21,4756,-15688,2412
83406,89616.00,517.98,518.21,6088,-14836,3428
83443,89617.00,517.88,518.20,6980,-13680,4536
83485,89617.00,517.88,518.20,6332,-14052,6368
83518,89617.00,517.88,518.20,8348,-13168,5000
83552,89617.00,517.88,518.19,5352,-11020,6572
83585,89618.00,517.79,518.19,3988,-10800,6540
83617,89617.00,517.88,518.19,4464,-9664,7852
83650,89617.00,517.88,518.18,6524,-10204,12740
83683,89618.00,517.79,518.18,9176,-8756,8508
83717,89618.00,517.79,518.18,7120,-7964,10960
83749,89619.00,517.70,518.17,11868,-7308,7416
83782,89619.00,517.70,518.17,9628,-5756,7796
83819,89619.00,517.70,518.16,9908,-5344,7920
83852,89619.00,517.70,518.16,11352,-6992,9040
83901,89619.00,517.70,518.16,7252,-4352,9896
83935,89620.00,517.60,518.15,8836,-6108,11640
83968,89620.00,517.60,518.15,10756,-7200,11212
84000,89619.00,517.70,518.14,10836,-5352,10396
84033,89619.00,517.70,518.14,9952,-5272,10180
84066,89620.00,517.60,518.13,11332,-5460,9400
84100,89620.00,517.60,518.13,10756,-4928,11112
84132,89620.00,517.60,518.12,9480,-5116,12352
84165,89620.00,517.60,518.12,7672,-3856,11212
84202,89619.00,517.70,518.11,7748,-4520,14020
84235,89620.00,517.60,518.11,9492,-4620,10908
84268,89620.00,517.60,518.10,9664,-4668,13256
84300,89620.00,517.60,518.10,7332,-3680,13080
84334,89620.00,517.60,518.10,4868,-1936,12844
84367,89620.00,517.60,518.09,6952,-2356,14176
84400,89620.00,517.60,518.09,4364,-560,17960
84432,89619.00,517.70,518.08,4596,-4236,7024
84465,89619.00,517.70,518.08,4356,-1056,15680
84498,89619.00,517.70,518.08,8744,-940,12060
84532,89618.00,517.79,518.07,7700,2356,13636
84568,89618.00,517.79,518.07,7044,3592,14104
84601,89618.00,517.79,518.07,9496,4720,14572
84634,89618.00,517.79,518.07,8480,3516,13968
84667,89618.00,517.79,518.06,6648,2592,13532
84700,89618.00,517.79,518.06,6168,2904,13152
84732,89618.00,517.79,518.06,6280,5892,14384
84765,89618.00,517.79,518.06,9008,592,16184
84798,89618.00,517.79,518.05,8444,936,13064
84831,89618.00,517.79,518.05,8184,2764,13580
84865,89618.00,517.79,518.05,6956,3724,14244
84897,89619.00,517.70,518.05,6072,3288,13812
84934,89618.00,517.79,518.04,6864,996,13184
84967,89619.00,517.70,518.04,6524,2732,12492
85000,89619.00,517.70,518.04,7748,2132,12892
85032,89619.00,517.70,518.03,7212,1572,13512
85065,89619.00,517.70,518.03,7092,2140,13872
85098,89619.00,517.70,518.03,7632,1700,13856
85131,89620.00,517.60,518.02,6080,2060,13736
