time,pressure,altitude,velocity
-0.960,100.57523,-0.854,0.000
-0.940,100.57471,-0.921,0.000
-0.920,100.57472,-0.981,0.000
-0.900,100.57265,-0.921,0.000
-0.880,100.57059,-0.755,0.000
-0.860,100.57111,-0.634,0.000
-0.840,100.57214,-0.583,0.000
-0.820,100.56803,-0.315,0.000
-0.800,100.57368,-0.384,0.000
-0.780,100.57523,-0.533,0.000
-0.760,100.57523,-0.668,0.000
-0.740,100.57059,-0.538,-0.218
-0.720,100.57522,-0.675,-0.630
-0.700,100.57317,-0.687,-1.623
-0.680,100.57265,-0.670,-2.183
-0.660,100.57215,-0.627,-1.724
-0.640,100.57523,-0.758,-1.044
-0.620,100.57368,-0.792,0.082
-0.600,100.57162,-0.710,1.485
-0.580,100.57111,-0.610,0.815
-0.560,100.57162,-0.549,0.164
-0.540,100.57523,-0.690,-0.590
-0.520,100.57317,-0.706,-0.617
-0.500,100.57626,-0.886,-0.991
-0.480,100.57626,-1.047,-1.541
-0.460,100.57317,-1.024,-1.192
-0.440,100.57162,-0.918,-1.021
-0.420,100.56803,-0.627,-1.507
-0.400,100.57059,-0.504,-1.974
-0.380,100.57626,-0.702,-1.808
-0.360,100.57471,-0.797,-1.569
-0.340,100.57523,-0.910,-1.715
-0.320,100.57626,-1.066,-1.449
-0.300,100.57368,-1.065,-0.558
-0.280,100.57677,-1.230,-0.410
-0.260,100.57265,-1.151,-0.998
-0.240,100.57420,-1.162,-0.824
-0.220,100.57471,-1.199,0.213
-0.200,100.57626,-1.312,1.935
-0.180,100.57523,-1.356,3.202
-0.160,100.57574,-1.419,3.725
-0.140,100.57780,-1.584,4.687
-0.120,100.57214,-1.422,5.686
-0.100,100.57059,-1.189,6.768
-0.080,100.57111,-1.006,8.116
-0.060,100.57471,-1.037,9.489
-0.040,100.57368,-1.008,11.524
-0.020,100.57059,-0.814,13.989
0.000,100.57060,-0.640,16.958
0.020,100.57059,-0.485,19.937
0.040,100.56854,-0.238,22.676
0.060,100.56700,0.065,25.885
0.080,100.56546,0.414,28.027
0.100,100.56288,0.860,31.950
0.120,100.56289,1.250,37.166
0.140,100.55827,1.839,41.284
0.160,100.55724,2.410,45.338
0.180,100.55158,3.213,48.909
0.200,100.54593,4.220,53.277
0.220,100.54131,5.349,57.009
0.240,100.54028,6.386,60.403
0.260,100.53360,7.643,64.027
0.280,100.53310,8.757,67.494
0.300,100.52486,10.156,70.345
0.320,100.51459,11.917,73.465
0.340,100.51459,13.436,75.227
0.360,100.50533,15.232,77.583
0.380,100.50223,16.939,79.289
0.400,100.49401,18.833,81.428
0.420,100.48991,20.665,84.318
0.440,100.48375,22.546,87.401
0.460,100.47604,24.548,90.632
0.480,100.46937,26.595,93.898
0.500,100.46474,28.565,95.614
0.520,100.45601,30.680,98.405
0.540,100.45293,32.611,102.242
0.560,100.44368,34.708,104.841
0.580,100.43700,36.808,107.783
0.600,100.42878,38.987,109.608
0.620,100.41851,41.344,113.104
0.640,100.40977,43.770,116.213
0.660,100.39693,46.475,119.414
0.680,100.38974,49.115,122.094
0.700,100.38460,51.578,124.799
0.720,100.37279,54.239,128.618
0.740,100.36302,56.960,132.621
0.760,100.35480,59.645,135.745
0.780,100.34709,62.264,138.675
0.800,100.34093,64.735,141.175
0.820,100.32449,67.627,143.096
0.840,100.31422,70.555,145.834
0.860,100.30292,73.567,148.269
0.880,100.29623,76.396,151.358
0.900,100.28545,79.280,154.097
0.920,100.26592,82.684,157.006
0.940,100.25462,86.101,159.693
0.960,100.24281,89.552,162.712
0.980,100.23305,92.914,165.760
1.000,100.22174,96.275,167.596
1.020,100.21250,99.515,168.798
1.040,100.19760,102.952,171.140
1.060,100.18681,106.337,173.723
1.080,100.17500,109.726,175.909
1.100,100.16267,113.142,177.979
1.120,100.14468,116.887,179.514
1.140,100.13492,120.472,182.750
1.160,100.12003,124.191,185.951
1.180,100.10461,128.054,188.692
1.200,100.09485,131.730,191.388
1.220,100.07996,135.516,194.031
1.240,100.06557,139.369,196.223
1.260,100.04964,143.361,198.119
1.280,100.03783,147.249,199.888
1.300,100.01933,151.403,201.993
1.320,100.00649,155.485,203.294
1.340,99.99057,159.663,205.546
1.360,99.97567,163.867,206.970
1.380,99.96334,167.952,209.490
1.400,99.94639,172.176,213.559
1.420,99.93046,176.466,216.258
1.440,99.91402,180.839,218.513
1.460,99.90221,185.029,221.250
1.480,99.88526,189.332,224.211
1.500,99.86624,193.846,225.910
1.520,99.85341,198.207,228.087
1.540,99.83696,202.626,230.494
1.560,99.82156,207.035,232.487
1.580,99.80050,211.743,233.972
1.600,99.77687,216.852,235.544
1.620,99.76248,221.812,237.947
1.640,99.74810,226.633,240.616
1.660,99.72807,231.634,242.658
1.680,99.71059,236.650,243.559
1.700,99.69672,241.478,244.605
1.720,99.68028,246.275,247.463
1.740,99.65923,251.293,248.939
1.760,99.64433,256.167,251.165
1.780,99.62892,260.939,252.688
1.800,99.60734,265.952,254.299
1.820,99.58577,271.181,256.226
1.840,99.56575,276.511,257.173
1.860,99.55084,281.651,256.923
1.880,99.53388,286.727,257.495
1.900,99.51489,291.854,258.092
1.920,99.48870,297.418,254.857
1.940,99.47276,302.810,252.068
1.960,99.44863,308.491,249.659
1.980,99.43066,314.090,248.217
2.000,99.41423,319.524,246.338
2.020,99.39983,324.698,244.425
2.040,99.38340,329.746,242.139
2.060,99.36797,334.627,239.955
2.080,99.34743,339.636,238.100
2.100,99.32845,344.676,236.396
2.120,99.31662,349.352,234.933
2.140,99.30120,353.898,233.289
2.160,99.28478,358.384,231.425
2.180,99.26679,362.908,229.733
2.200,99.25035,367.382,227.815
2.220,99.23495,371.759,226.115
2.240,99.21544,376.276,224.590
2.260,99.19695,380.869,222.962
2.280,99.18513,385.163,221.218
2.300,99.16716,389.533,219.710
2.320,99.15276,394.104,218.284
2.340,99.13737,398.633,216.791
2.360,99.12505,403.053,215.456
2.380,99.10963,407.439,214.049
2.400,99.09216,411.836,212.753
2.420,99.08241,416.077,211.410
2.440,99.06136,420.415,210.062
2.460,99.04954,424.646,208.729
2.480,99.03413,428.853,207.422
2.500,99.01564,433.106,206.059
2.520,98.99973,437.346,204.720
2.540,98.98639,441.520,203.409
2.560,98.97200,445.654,202.135
2.580,98.96017,449.695,200.868
2.600,98.94733,453.670,199.669
2.620,98.93451,457.581,198.461
2.640,98.91859,461.500,197.241
2.660,98.90421,465.394,196.086
2.680,98.89546,469.142,194.884
2.700,98.88058,472.885,193.759
2.720,98.86414,476.658,192.507
2.740,98.85283,480.349,191.239
2.760,98.83694,484.063,190.008
2.780,98.82152,487.789,188.715
2.800,98.81228,491.393,187.418
2.820,98.79790,494.994,186.153
2.840,98.78915,498.470,184.901
2.860,98.77529,501.938,183.719
2.880,98.75938,505.444,182.489
2.900,98.74550,508.945,181.285
2.920,98.73164,512.441,180.064
2.940,98.71931,515.899,178.949
2.960,98.70853,519.289,177.805
2.980,98.69619,522.650,176.727
3.000,98.68029,526.059,175.716
3.020,98.66743,529.451,174.652
3.040,98.65818,532.749,173.596
3.060,98.64483,536.047,172.477
3.080,98.62996,539.380,171.388
3.100,98.61867,542.668,170.345
3.120,98.60891,545.882,169.293
3.140,98.59504,549.115,168.218
3.160,98.58426,552.301,167.154
3.180,98.57347,555.442,166.101
3.200,98.56319,558.530,165.025
3.220,98.54779,561.680,164.009
3.240,98.53598,564.814,163.000
3.260,98.52776,567.853,162.013
3.280,98.51646,570.871,161.053
3.300,98.50723,573.824,160.030
3.320,98.49696,576.739,159.124
3.340,98.48154,579.730,158.173
3.360,98.47333,582.638,157.220
3.380,98.45998,585.581,156.258
3.400,98.44970,588.490,155.283
3.420,98.43789,591.402,154.298
3.440,98.43019,594.227,153.278
3.460,98.41479,597.139,152.354
3.480,98.40554,600.001,151.419
3.500,98.39117,602.928,150.482
3.520,98.38140,605.817,149.544
3.540,98.37473,608.604,148.654
3.560,98.36086,611.450,147.786
3.580,98.35573,614.165,146.908
3.600,98.33778,617.033,146.018
3.620,98.33160,619.793,145.127
3.640,98.32236,622.517,144.213
3.660,98.31260,625.219,143.330
3.680,98.29879,627.989,142.431
3.700,98.28801,630.758,141.515
3.720,98.27869,633.497,140.609
3.740,98.26899,636.215,139.709
3.760,98.25766,638.950,138.830
3.780,98.25250,641.568,137.960
3.800,98.24075,644.216,137.062
3.820,98.23101,646.853,136.206
3.840,98.22374,649.425,135.369
3.860,98.20840,652.112,134.495
3.880,98.20219,654.710,133.600
3.900,98.18941,657.367,132.769
3.920,98.18377,659.926,131.938
3.940,98.17089,662.550,131.077
3.960,98.16424,665.102,130.244
3.980,98.15446,667.652,129.384
4.000,98.13858,670.335,128.518
4.020,98.13599,672.857,127.704
4.040,98.12420,675.425,126.900
4.060,98.12312,677.804,126.064
4.080,98.10980,680.270,125.257
4.100,98.10004,682.743,124.450
4.120,98.09538,685.111,123.674
4.140,98.08562,687.492,122.832
4.160,98.07540,689.894,122.032
4.180,98.06613,692.298,121.249
4.200,98.06303,694.570,120.428
4.220,98.04820,696.971,119.617
4.240,98.03896,699.375,118.866
4.260,98.03226,701.727,118.120
4.280,98.02402,704.064,117.306
4.300,98.02042,706.286,116.523
4.320,98.00098,708.743,115.732
4.340,97.99782,711.072,114.926
4.360,97.99067,713.366,114.145
4.380,97.98145,715.670,113.347
4.400,97.97578,717.909,112.558
4.420,97.97214,720.040,111.764
4.440,97.96393,722.170,110.960
4.460,97.95115,724.398,110.156
4.480,97.94240,726.634,109.424
4.500,97.93618,728.822,108.685
4.520,97.93312,730.896,107.986
4.540,97.92188,733.039,107.265
4.560,97.91110,735.240,106.481
4.580,97.90540,737.385,105.736
4.600,97.89775,739.521,104.980
4.620,97.88953,741.661,104.247
4.640,97.88440,743.737,103.505
4.660,97.87567,745.831,102.768
4.680,97.87156,747.842,102.040
4.700,97.86178,749.898,101.321
4.720,97.85513,751.930,100.594
4.740,97.85049,753.894,99.846
4.760,97.83921,755.941,99.090
4.780,97.83408,757.931,98.350
4.800,97.83301,759.780,97.634
4.820,97.81765,761.806,96.882
4.840,97.80994,763.834,96.126
4.860,97.80378,765.833,95.372
4.880,97.80068,767.736,94.658
4.900,97.78945,769.726,93.909
4.920,97.78431,771.666,93.193
4.940,97.78273,773.481,92.431
4.960,97.77300,775.355,91.727
4.980,97.76835,777.174,91.008
5.000,97.76273,778.964,90.267
5.020,97.75397,780.794,89.619
5.040,97.74734,782.616,88.930
5.060,97.74216,784.401,88.280
5.080,97.73398,786.215,87.559
5.100,97.73080,787.948,86.837
5.120,97.72063,789.758,86.115
5.140,97.72058,791.420,85.389
5.160,97.71190,793.128,84.656
5.180,97.70314,794.885,83.937
5.200,97.70109,796.541,83.238
5.220,97.69288,798.236,82.487
5.240,97.68378,799.989,81.774
5.260,97.67799,801.725,81.084
5.280,97.67747,803.330,80.380
5.300,97.66830,804.998,79.687
5.320,97.66160,806.674,78.917
5.340,97.65700,808.312,78.249
5.360,97.65288,809.904,77.534
5.380,97.64671,811.496,76.841
5.400,97.64265,813.044,76.144
5.420,97.63742,814.574,75.454
5.440,97.63434,816.041,74.735
5.460,97.62617,817.560,74.003
5.480,97.61693,819.152,73.311
5.500,97.61131,820.736,72.634
5.520,97.60515,822.324,71.948
5.540,97.60204,823.850,71.232
5.560,97.60099,825.271,70.537
5.580,97.59485,826.704,69.861
5.600,97.58615,828.204,69.154
5.620,97.58615,829.580,68.455
5.640,97.57845,831.005,67.790
5.660,97.57231,832.443,67.088
5.680,97.56612,833.895,66.433
5.700,97.56409,835.270,65.695
5.720,97.56148,836.585,64.987
5.740,97.55891,837.841,64.287
5.760,97.55532,839.065,63.571
5.780,97.55067,840.279,62.894
5.800,97.53892,841.643,62.198
5.820,97.54097,842.846,61.471
5.840,97.53735,844.021,60.789
5.860,97.53067,845.237,60.122
5.880,97.52760,846.413,59.473
5.900,97.52451,847.551,58.770
5.920,97.51989,848.687,58.113
5.940,97.51786,849.766,57.426
5.960,97.51070,850.902,56.727
5.980,97.50603,852.039,56.053
6.000,97.50552,853.087,55.360
6.020,97.49730,854.219,54.644
6.040,97.49224,855.361,53.965
6.060,97.48657,856.529,53.314
6.080,97.48348,857.665,52.618
6.100,97.48451,858.679,51.954
6.120,97.48190,859.658,51.262
6.140,97.47473,860.703,50.610
6.160,97.47317,861.690,49.895
6.180,97.46963,862.663,49.192
6.200,97.46449,863.661,48.529
6.220,97.46192,864.625,47.855
6.240,97.46038,865.536,47.200
6.260,97.45525,866.474,46.556
6.280,97.45214,867.395,45.922
6.300,97.44755,868.332,45.246
6.320,97.44907,869.151,44.576
6.340,97.44498,869.980,43.946
6.360,97.44288,870.777,43.307
6.380,97.43625,871.641,42.680
6.400,97.43523,872.449,42.032
6.420,97.42906,873.315,41.372
6.440,97.42547,874.181,40.698
6.460,97.42445,874.992,40.021
6.480,97.42188,875.784,39.386
6.500,97.41828,876.581,38.730
6.520,97.41521,877.372,38.215
6.540,97.41161,878.169,37.502
6.560,97.41007,878.927,36.874
6.580,97.40852,879.648,36.296
6.600,97.40796,880.313,35.160
6.620,97.40493,880.978,34.248
6.640,97.39929,881.703,33.712
6.660,97.39923,882.361,33.222
6.680,97.39266,883.099,32.749
6.700,97.39723,883.670,32.308
6.720,97.39413,884.250,31.792
6.740,97.39056,884.848,31.238
6.760,97.38799,885.443,30.637
6.780,97.38548,886.035,29.999
6.800,97.38386,886.604,29.381
6.820,97.37981,887.204,28.787
6.840,97.38081,887.726,28.155
6.860,97.37823,888.250,27.540
6.880,97.37362,888.821,26.964
6.900,97.37464,889.315,26.385
6.920,97.37210,889.813,25.812
6.940,97.37259,890.250,25.224
6.960,97.36748,890.751,24.621
6.980,97.36597,891.236,24.010
7.000,97.36489,891.695,23.417
7.020,97.36540,892.095,22.780
7.040,97.36186,892.528,22.179
7.060,97.35723,893.018,21.598
7.080,97.36029,893.394,21.047
7.100,97.35719,893.796,20.455
7.120,97.35621,894.176,19.840
7.140,97.35413,894.561,19.181
7.160,97.35461,894.894,18.546
7.180,97.35464,895.188,17.933
7.200,97.35156,895.513,17.315
7.220,97.34800,895.880,16.715
7.240,97.34697,896.231,16.113
7.260,97.34795,896.523,15.492
7.280,97.34595,896.825,14.899
7.300,97.34489,897.116,14.301
7.320,97.34697,897.328,13.708
7.340,97.34235,897.611,13.090
7.360,97.34184,897.874,12.491
7.380,97.33826,898.185,11.901
7.400,97.34078,898.408,11.318
7.420,97.34029,898.613,10.733
7.440,97.34132,898.769,10.165
7.460,97.33876,898.956,9.586
7.480,97.33617,899.175,8.983
7.500,97.34232,899.233,8.387
7.520,97.32544,899.642,7.790
7.540,97.35004,899.478,7.222
7.560,97.33772,899.575,6.633
7.580,97.32748,899.877,6.037
7.600,97.39628,899.952,5.443
7.620,97.37372,900.015,4.852
7.640,97.32387,900.335,4.216
7.660,97.32079,900.384,3.652
7.680,97.31976,900.752,3.051
7.700,97.31725,901.148,2.535
7.720,97.32335,901.381,1.968
7.740,97.32589,901.537,1.441
7.760,97.32948,901.595,0.926
7.780,97.33305,901.560,0.418
7.800,97.33100,901.561,-0.104
7.820,97.33554,901.451,-0.669
7.840,97.33408,901.366,-1.209
7.860,97.33151,901.331,-1.772
7.880,97.32946,901.333,-2.326
7.900,97.32900,901.337,-2.796
7.920,97.32746,901.365,-3.291
7.940,97.33000,901.328,-3.761
7.960,97.33003,901.284,-4.238
7.980,97.33463,901.133,-4.636
8.000,97.33360,901.003,-5.056
8.020,97.33619,900.816,-5.519
8.040,97.33670,900.618,-6.001
8.060,97.33619,900.435,-6.470
8.080,97.33517,900.275,-6.924
8.100,97.34026,900.005,-7.395
8.120,97.33924,899.765,-7.850
8.140,97.34435,899.418,-8.353
8.160,97.34589,899.048,-8.799
8.180,97.34235,898.768,-9.278
8.200,97.34389,898.463,-9.714
8.220,97.34443,898.157,-10.136
8.240,97.34492,897.852,-10.493
8.260,97.34643,897.525,-10.835
8.280,97.34595,897.222,-11.183
8.300,97.34751,896.897,-11.534
8.320,97.34956,896.540,-11.886
8.340,97.34902,896.211,-12.235
8.360,97.34902,895.897,-12.576
8.380,97.34805,895.619,-12.951
8.400,97.35210,895.266,-13.281
8.420,97.35162,894.941,-13.605
8.440,97.35416,894.576,-13.924
8.460,97.35775,894.151,-14.250
8.480,97.36032,893.691,-14.532
8.500,97.36086,893.242,-14.798
8.520,97.36340,892.762,-15.142
8.540,97.36186,892.339,-15.338
8.560,97.36705,891.826,-15.763
8.580,97.36853,891.308,-16.062
8.600,97.36907,890.805,-16.279
8.620,97.36853,890.343,-17.067
8.640,97.37624,889.738,-17.640
8.660,97.37270,889.243,-17.873
8.680,97.37677,888.688,-18.050
8.700,97.37267,888.254,-18.214
8.720,97.37372,887.825,-18.351
8.740,97.37167,887.469,-18.530
8.760,97.37324,887.102,-18.720
8.780,97.37472,886.729,-18.931
8.800,97.37885,886.292,-19.162
8.820,97.38552,885.737,-19.355
8.840,97.38655,885.194,-19.603
8.860,97.38861,884.639,-19.812
8.880,97.39012,884.086,-20.033
8.900,97.38504,883.679,-20.200
8.920,97.38707,883.258,-20.391
8.940,97.38707,882.867,-20.552
8.960,97.38756,882.495,-20.719
8.980,97.38348,882.242,-20.827
9.000,97.38811,881.911,-20.992
9.020,97.39477,881.462,-21.099
9.040,97.39732,880.989,-21.230
9.060,97.39989,880.494,-21.357
9.080,97.40344,879.955,-21.334
9.100,97.40347,879.453,-21.335
9.120,97.40553,878.941,-21.411
9.140,97.41325,878.296,-21.463
9.160,97.40965,877.771,-21.518
9.180,97.41428,877.183,-21.568
9.200,97.41017,876.725,-21.574
9.220,97.41273,876.246,-21.539
9.240,97.40965,875.871,-21.517
9.260,97.41017,875.517,-21.687
9.280,97.41119,875.172,-21.873
9.300,97.41479,874.779,-21.989
9.320,97.41736,874.364,-22.046
9.340,97.41633,874.004,-22.136
9.360,97.42154,873.563,-22.205
9.380,97.42765,873.023,-22.269
9.400,97.42765,872.522,-22.264
9.420,97.42616,872.093,-22.293
9.440,97.42768,871.665,-22.388
9.460,97.42924,871.238,-22.528
9.480,97.42818,870.871,-22.682
9.500,97.43076,870.479,-22.846
9.520,97.43587,870.010,-23.012
9.540,97.43691,869.555,-23.221
9.560,97.44198,869.026,-23.385
9.580,97.44100,868.558,-23.575
9.600,97.44357,868.071,-23.757
9.620,97.44513,867.589,-23.920
9.640,97.44308,867.189,-24.066
9.660,97.45386,866.589,-24.278
9.680,97.45280,866.054,-24.461
9.700,97.45486,865.516,-24.641
9.720,97.45694,864.973,-24.753
9.740,97.45851,864.435,-24.845
9.760,97.46004,863.906,-24.949
9.780,97.46154,863.385,-24.965
9.800,97.46304,862.871,-25.032
9.820,97.46310,862.396,-25.141
9.840,97.46772,861.859,-25.315
9.860,97.46723,861.375,-25.471
9.880,97.47388,860.784,-25.652
9.900,97.47234,860.270,-25.833
9.920,97.47848,859.663,-25.963
9.940,97.47953,859.077,-26.066
9.960,97.48055,858.513,-26.167
9.980,97.47650,858.080,-26.258
10.000,97.48158,857.574,-26.262
10.020,97.47855,857.176,-26.248
10.040,97.48161,856.746,-26.246
10.060,97.48363,856.311,-26.198
10.080,97.46880,856.239,-26.157
10.100,97.47542,856.045,-26.143
10.120,97.48209,855.732,-26.177
10.140,97.48317,855.429,-26.195
10.160,97.48112,855.202,-26.277
10.180,97.48168,854.992,-26.332
10.200,97.48264,854.789,-26.421
10.220,97.47899,854.693,-26.492
10.240,97.48261,854.541,-26.588
10.260,97.50833,853.849,-26.635
10.280,97.51190,853.125,-26.613
10.300,97.50730,852.550,-26.568
10.320,97.50163,852.141,-26.528
10.340,97.50679,851.655,-26.470
10.360,97.50784,851.183,-26.408
10.380,97.51038,850.694,-26.401
10.400,97.50627,850.333,-26.499
10.420,97.50936,849.938,-26.600
10.440,97.52114,849.320,-26.673
10.460,97.52733,848.609,-26.748
10.480,97.52887,847.911,-26.833
10.500,97.53089,847.217,-26.881
10.520,97.53403,846.500,-26.925
10.540,97.54015,845.697,-26.929
10.560,97.53965,844.956,-26.949
10.580,97.54119,844.232,-26.976
10.600,97.54221,843.533,-26.955
10.620,97.54272,842.872,-26.951
10.640,97.54478,842.212,-26.950
10.660,97.54836,841.521,-26.927
10.680,97.55197,840.799,-27.025
10.700,97.55099,840.148,-27.087
10.720,97.55043,839.556,-27.177
10.740,97.55045,839.009,-27.228
10.760,97.55756,838.348,-27.285
10.780,97.54898,837.923,-27.329
10.800,97.55712,837.358,-27.353
10.820,97.56172,836.736,-27.368
10.840,97.56639,836.057,-27.344
10.860,97.56685,835.418,-27.337
10.880,97.57150,834.722,-27.291
10.900,97.57353,834.032,-27.224
10.920,97.57610,833.335,-27.096
10.940,97.57460,832.720,-27.079
10.960,97.57817,832.074,-27.122
10.980,97.58020,831.431,-27.123
11.000,97.57763,830.892,-27.086
11.020,97.57460,830.463,-27.044
11.040,97.57301,830.108,-26.943
11.060,97.56842,829.890,-26.858
11.080,97.56998,829.669,-26.740
11.100,97.57309,829.410,-26.577
11.120,97.58231,828.980,-26.508
11.140,97.58176,828.601,-26.524
11.160,97.58533,828.179,-26.536
11.180,97.58897,827.716,-26.517
11.200,97.59211,827.224,-26.429
11.220,97.59770,826.649,-26.320
11.240,97.60184,826.027,-26.151
11.260,97.60282,825.430,-26.018
11.280,97.59768,824.990,-26.070
11.300,97.59770,824.587,-26.125
11.320,97.59820,824.211,-26.161
11.340,97.59715,823.894,-26.139
11.360,97.60132,823.519,-26.180
11.380,97.60641,823.067,-26.184
11.400,97.61665,822.429,-26.201
11.420,97.62081,821.746,-26.154
11.440,97.62281,821.067,-26.115
11.460,97.62543,820.377,-26.162
11.480,97.62900,819.658,-26.249
11.500,97.62952,818.976,-26.337
11.520,97.63052,818.321,-26.394
11.540,97.62440,817.847,-26.483
11.560,97.62902,817.311,-26.603
11.580,97.62851,816.829,-26.727
11.600,97.62749,816.410,-26.840
11.620,97.63054,815.961,-26.846
11.640,97.63318,815.493,-26.788
11.660,97.63624,814.997,-26.723
11.680,97.64391,814.374,-26.688
11.700,97.64442,813.784,-26.704
11.720,97.64959,813.127,-26.691
11.740,97.64650,812.583,-26.662
11.760,97.64959,812.015,-26.640
11.780,97.65007,811.479,-26.736
11.800,97.65009,810.985,-26.774
11.820,97.65115,810.508,-26.830
11.840,97.65007,810.095,-26.884
11.860,97.65112,809.696,-26.983
11.880,97.65061,809.345,-27.030
11.900,97.64496,809.152,-27.048
11.920,97.64240,809.043,-27.088
11.940,97.65320,808.721,-27.161
11.960,97.66290,808.219,-27.212
11.980,97.66035,807.813,-27.356
12.000,97.66347,807.374,-27.510
12.020,97.66142,807.018,-27.594
12.040,97.66092,806.705,-27.596
12.060,97.66344,806.369,-27.556
12.080,97.66087,806.122,-27.450
12.100,97.67422,805.611,-27.278
12.120,97.68295,804.948,-27.214
12.140,97.69068,804.160,-27.184
12.160,97.69324,803.367,-27.139
12.180,97.69576,802.569,-27.153
12.200,97.69118,801.922,-27.186
12.220,97.69173,801.309,-27.188
12.240,97.69227,800.727,-27.233
12.260,97.69730,800.078,-27.302
12.280,97.69787,799.463,-27.373
12.300,97.69847,798.878,-27.403
12.320,97.70454,798.203,-27.429
12.340,97.70715,797.519,-27.417
12.360,97.71378,796.735,-27.358
12.380,97.71226,796.037,-27.309
12.400,97.71529,795.321,-27.277
12.420,97.71587,794.640,-27.286
12.440,97.71790,793.963,-27.329
12.460,97.72045,793.278,-27.349
12.480,97.72301,792.585,-27.403
12.500,97.72556,791.885,-27.490
12.520,97.72358,791.276,-27.560
12.540,97.72816,790.614,-27.615
12.560,97.72970,789.965,-27.656
12.580,97.73431,789.262,-27.644
12.600,97.73534,788.587,-27.625
12.620,97.72514,788.183,-27.571
12.640,97.72050,787.918,-27.523
12.660,97.72103,787.674,-27.449
12.680,97.72456,787.383,-27.410
12.700,97.73067,786.992,-27.422
12.720,97.73173,786.614,-27.399
12.740,97.73384,786.225,-27.452
12.760,97.73851,785.770,-27.474
12.780,97.74929,785.118,-27.516
12.800,97.75489,784.389,-27.547
12.820,97.75286,783.755,-27.529
12.840,97.75182,783.190,-27.481
12.860,97.75644,782.566,-27.400
12.880,97.75337,782.056,-27.289
12.900,97.74878,781.688,-27.160
12.920,97.75286,781.266,-27.010
12.940,97.75798,780.769,-26.826
12.960,97.76051,780.257,-26.736
12.980,97.77184,779.538,-26.643
13.000,97.77492,778.801,-26.561
13.020,97.77288,778.159,-26.472
13.040,97.76983,777.630,-26.351
13.060,97.77033,777.132,-26.205
13.080,97.77083,776.664,-26.002
13.100,97.76521,776.358,-25.771
13.120,97.77907,775.782,-25.651
13.140,97.77804,775.273,-25.595
13.160,97.78061,774.747,-25.577
13.180,97.78831,774.095,-25.548
13.200,97.79085,773.435,-25.516
13.220,97.78781,772.888,-25.455
13.240,97.79143,772.304,-25.436
13.260,97.79398,771.708,-25.412
13.280,97.79706,771.090,-25.390
13.300,97.80114,770.428,-25.398
13.320,97.80473,769.734,-25.350
13.340,97.80371,769.112,-25.301
13.360,97.80319,768.547,-25.283
13.380,97.80422,768.003,-25.261
13.400,97.80523,767.480,-25.244
13.420,97.80371,767.032,-25.229
13.440,97.80728,766.546,-25.224
13.460,97.80632,766.121,-25.223
13.480,97.81139,765.622,-25.273
13.500,97.81551,765.075,-25.302
13.520,97.81656,764.547,-25.352
13.540,97.81757,764.040,-25.365
13.560,97.82574,763.394,-25.379
13.580,97.81864,762.951,-25.401
13.600,97.82219,762.468,-25.461
13.620,97.82272,762.014,-25.514
13.640,97.82424,761.566,-25.457
13.660,97.82221,761.201,-25.297
13.680,97.82730,760.760,-25.128
13.700,97.82938,760.311,-24.965
13.720,97.82835,759.923,-24.831
13.740,97.83603,759.403,-24.705
13.760,97.83913,758.856,-24.600
13.780,97.84221,758.284,-24.524
13.800,97.84427,757.710,-24.571
13.820,97.84223,757.224,-24.655
13.840,97.84119,756.800,-24.690
13.860,97.84221,756.391,-24.639
13.880,97.84125,756.039,-24.649
13.900,97.84328,755.676,-24.612
13.920,97.85047,755.191,-24.542
13.940,97.85301,754.689,-24.457
13.960,97.85762,754.127,-24.490
13.980,97.85152,753.740,-24.487
14.000,97.85917,753.220,-24.544
14.020,97.85917,752.741,-24.618
14.040,97.86125,752.255,-24.681
14.060,97.86275,751.775,-24.686
14.080,97.85716,751.456,-24.702
14.100,97.86023,751.102,-24.675
14.120,97.86429,750.692,-24.592
14.140,97.86684,750.262,-24.647
14.160,97.86742,749.856,-24.630
14.180,97.86690,749.496,-24.643
14.200,97.86743,749.157,-24.727
14.220,97.87203,748.750,-24.791
14.240,97.88024,748.199,-24.812
14.260,97.88277,747.632,-24.864
14.280,97.88178,747.128,-24.869
14.300,97.88847,746.517,-24.918
14.320,97.88488,746.027,-24.984
14.340,97.88232,745.631,-25.064
14.360,97.88692,745.169,-25.129
14.380,97.88331,744.822,-25.189
14.400,97.88897,744.384,-25.246
14.420,97.88951,743.970,-25.281
14.440,97.89361,743.501,-25.262
14.460,97.89565,743.025,-25.302
14.480,97.90285,742.428,-25.320
14.500,97.90129,741.907,-25.363
14.520,97.90488,741.347,-25.418
14.540,97.90594,740.804,-25.466
14.560,97.90491,740.323,-25.479
14.580,97.90797,739.814,-25.578
14.600,97.91156,739.263,-25.614
14.620,97.91306,738.721,-25.645
14.640,97.91364,738.206,-25.664
14.660,97.90955,737.819,-25.699
14.680,97.91158,737.421,-25.694
14.700,97.91261,737.035,-25.731
14.720,97.91368,736.659,-25.751
14.740,97.91727,736.238,-25.732
14.760,97.92136,735.762,-25.792
14.780,97.92392,735.267,-25.857
14.800,97.93163,734.641,-25.905
14.820,97.93419,734.002,-25.983
14.840,97.93368,733.418,-26.003
14.860,97.92803,732.999,-26.002
14.880,97.93417,732.480,-26.012
14.900,97.93520,731.978,-25.984
14.920,97.93932,731.424,-25.938
14.940,97.93731,730.954,-25.934
14.960,97.95009,730.242,-25.981
14.980,97.94700,729.644,-26.028
15.000,97.94651,729.099,-25.986
15.020,97.94905,728.539,-26.020
15.040,97.95316,727.930,-26.029
15.060,97.95267,727.374,-26.022
15.080,97.95728,726.759,-26.052
15.100,97.95528,726.231,-26.018
15.120,97.95782,725.687,-25.970
15.140,97.96448,725.037,-25.955
15.160,97.96039,724.523,-25.964
15.180,97.96499,723.947,-25.955
15.200,97.96961,723.312,-25.908
15.220,97.96809,722.755,-25.855
15.240,97.96966,722.205,-25.776
15.260,97.97321,721.620,-25.781
15.280,97.96861,721.177,-25.778
15.300,97.97427,720.647,-25.743
15.320,97.97579,720.125,-25.755
15.340,97.97733,719.609,-25.734
15.360,97.97990,719.077,-25.712
15.380,97.98347,718.507,-25.714
15.400,97.98553,717.935,-25.660
15.420,97.98555,717.405,-25.647
15.440,97.98402,716.949,-25.608
15.460,97.99121,716.374,-25.584
15.480,97.99326,715.796,-25.577
15.500,97.99479,715.228,-25.608
15.520,97.99581,714.679,-25.592
15.540,97.99738,714.138,-25.610
15.560,97.99583,713.672,-25.602
15.580,98.00149,713.121,-25.532
15.600,98.00456,712.545,-25.491
15.620,98.00404,712.023,-25.459
15.640,98.00558,711.508,-25.423
15.660,98.00970,710.943,-25.409
15.680,98.01072,710.399,-25.331
15.700,98.01430,709.818,-25.269
15.720,98.01385,709.290,-25.223
15.740,98.01380,708.804,-25.154
15.760,98.01943,708.234,-25.122
15.780,98.02045,707.685,-25.113
15.800,98.01894,707.210,-25.086
15.820,98.02407,706.663,-25.090
15.840,98.02257,706.191,-25.098
15.860,98.02459,705.713,-25.093
15.880,98.02869,705.185,-25.042
15.900,98.02871,704.697,-25.032
15.920,98.02826,704.259,-25.041
15.940,98.02972,703.827,-25.042
15.960,98.03690,703.275,-25.004
15.980,98.03587,702.786,-25.034
16.000,98.03485,702.360,-25.035
16.020,98.04000,701.858,-25.002
16.040,98.04051,701.385,-25.036
16.060,98.03999,700.962,-25.062
16.080,98.04665,700.430,-25.058
16.100,98.04822,699.905,-25.109
16.120,98.04719,699.443,-25.130
16.140,98.05078,698.941,-25.179
16.160,98.05488,698.388,-25.244
16.180,98.05592,697.855,-25.221
16.200,98.05542,697.374,-25.252
16.220,98.05799,696.876,-25.316
16.240,98.05389,696.506,-25.351
16.260,98.05951,696.049,-25.389
16.280,98.05953,695.628,-25.431
16.300,98.06004,695.233,-25.422
16.320,98.06264,694.816,-25.474
16.340,98.06569,694.368,-25.525
16.360,98.07183,693.824,-25.549
16.380,98.07391,693.275,-25.560
16.400,98.07444,692.756,-25.554
16.420,98.07746,692.210,-25.535
16.440,98.07750,691.704,-25.484
16.460,98.07904,691.205,-25.404
16.480,98.08265,690.666,-25.412
16.500,98.08366,690.145,-25.388
16.520,98.08316,689.675,-25.406
16.540,98.08725,689.155,-25.429
16.560,98.08674,688.685,-25.435
16.580,98.08368,688.321,-25.456
16.600,98.08781,687.899,-25.503
16.620,98.08879,687.492,-25.557
16.640,98.09035,687.087,-25.640
16.660,98.09596,686.594,-25.691
16.680,98.09598,686.139,-25.738
16.700,98.09957,685.643,-25.835
16.720,98.10416,685.085,-25.930
16.740,98.10419,684.567,-25.986
16.760,98.10883,683.988,-26.036
16.780,98.11134,683.396,-26.128
16.800,98.11035,682.868,-26.192
16.820,98.10988,682.390,-26.206
16.840,98.11141,681.917,-26.286
16.860,98.11395,681.427,-26.355
16.880,98.11756,680.896,-26.390
16.900,98.12011,680.350,-26.464
16.920,98.12524,679.732,-26.529
16.940,98.12376,679.190,-26.567
16.960,98.12473,678.668,-26.615
16.980,98.12373,678.207,-26.665
17.000,98.12682,677.716,-26.689
17.020,98.12682,677.264,-26.703
17.040,98.13602,676.649,-26.707
17.060,98.13451,676.110,-26.702
17.080,98.13503,675.601,-26.658
17.100,98.14068,675.007,-26.634
17.120,98.14273,674.412,-26.628
17.140,98.14734,673.759,-26.566
17.160,98.14633,673.173,-26.518
17.180,98.14326,672.697,-26.532
17.200,98.14887,672.137,-26.526
17.220,98.15197,671.551,-26.552
17.240,98.15353,670.975,-26.569
17.260,98.15607,670.385,-26.534
17.280,98.15661,669.827,-26.560
17.300,98.15865,669.266,-26.576
17.320,98.16430,668.624,-26.580
17.340,98.16634,667.983,-26.565
17.360,98.16532,667.410,-26.574
17.380,98.16480,666.891,-26.577
17.400,98.16275,666.457,-26.562
17.420,98.16279,666.060,-26.548
17.440,98.16228,665.709,-26.507
17.460,98.16380,665.359,-26.492
17.480,98.17097,664.887,-26.413
17.500,98.16842,664.508,-26.427
17.520,98.17560,664.008,-26.440
17.540,98.17870,663.479,-26.422
17.560,98.17870,662.991,-26.437
17.580,98.18585,662.386,-26.404
17.600,98.18688,661.802,-26.382
17.620,98.18845,661.227,-26.374
17.640,98.19614,660.526,-26.355
17.660,98.19462,659.906,-26.354
17.680,98.19360,659.354,-26.380
17.700,98.20232,658.653,-26.390
17.720,98.20232,658.000,-26.374
17.740,98.20179,657.404,-26.385
17.760,98.20490,656.785,-26.390
17.780,98.20796,656.144,-26.411
17.800,98.20747,655.560,-26.415
17.820,98.20642,655.041,-26.416
17.840,98.21310,654.418,-26.396
17.860,98.21720,653.752,-26.386
17.880,98.21464,653.188,-26.349
17.900,98.21926,652.567,-26.377
17.920,98.22180,651.935,-26.358
17.940,98.22285,651.327,-26.392
17.960,98.22643,650.686,-26.396
17.980,98.22337,650.159,-26.385
18.000,98.22491,649.639,-26.364
18.020,98.22850,649.084,-26.328
18.040,98.22593,648.627,-26.299
18.060,98.22800,648.164,-26.331
18.080,98.22749,647.752,-26.332
18.100,98.22696,647.389,-26.343
18.120,98.23105,646.972,-26.358
18.140,98.22902,646.637,-26.379
18.160,98.23060,646.301,-26.408
18.180,98.23775,645.843,-26.411
18.200,98.23777,645.422,-26.354
18.220,98.24596,644.861,-26.329
18.240,98.24599,644.341,-26.324
18.260,98.24753,643.829,-26.311
18.280,98.25314,643.235,-26.330
18.300,98.25574,642.628,-26.310
18.320,98.25776,642.021,-26.290
18.340,98.25675,641.481,-26.299
18.360,98.26035,640.904,-26.349
18.380,98.25726,640.438,-26.373
18.400,98.25677,640.022,-26.371
18.420,98.25985,639.575,-26.349
18.440,98.25728,639.222,-26.321
18.460,98.26395,638.758,-26.256
18.480,98.25833,638.455,-26.167
18.500,98.26962,637.938,-26.093
18.520,98.27217,637.406,-26.043
18.540,98.27268,636.904,-26.031
18.560,98.27629,636.362,-26.043
18.580,98.27477,635.896,-26.032
18.600,98.28293,635.290,-26.060
18.620,98.28451,634.693,-26.058
18.640,98.28605,634.106,-26.079
18.660,98.29063,633.462,-26.129
18.680,98.29219,632.830,-26.166
18.700,98.29423,632.199,-26.184
18.720,98.29118,631.679,-26.243
18.740,98.29372,631.145,-26.256
18.760,98.29681,630.585,-26.317
18.780,98.29785,630.044,-26.369
18.800,98.29686,629.567,-26.403
18.820,98.30143,629.030,-26.424
18.840,98.30300,628.500,-26.423
18.860,98.30658,627.933,-26.495
18.880,98.30455,627.453,-26.592
18.900,98.31273,626.835,-26.649
18.920,98.30814,626.361,-26.730
18.940,98.31327,625.814,-26.776
18.960,98.31481,625.275,-26.800
18.980,98.31583,624.756,-26.871
19.000,98.31943,624.199,-26.927
19.020,98.31844,623.706,-26.931
19.040,98.32302,623.154,-26.976
19.060,98.32507,622.598,-27.010
19.080,98.32658,622.052,-27.029
19.100,98.33120,621.448,-27.004
19.120,98.32973,620.920,-26.951
19.140,98.33224,620.379,-26.883
19.160,98.33228,619.878,-26.809
19.180,98.33380,619.384,-26.762
19.200,98.33329,618.942,-26.717
19.220,98.33534,618.492,-26.646
19.240,98.33842,618.014,-26.664
19.260,98.33947,617.552,-26.690
19.280,98.34459,617.017,-26.676
19.300,98.34305,616.557,-26.715
19.320,98.34460,616.101,-26.766
19.340,98.34615,615.649,-26.814
19.360,98.35280,615.091,-26.828
19.380,98.35435,614.541,-26.866
19.400,98.35540,614.010,-26.847
19.420,98.35896,613.442,-26.826
19.440,98.36205,612.849,-26.814
19.460,98.36207,612.300,-26.787
19.480,98.36153,611.804,-26.770
19.500,98.36002,611.381,-26.720
19.520,98.36924,610.794,-26.671
19.540,98.37080,610.216,-26.668
19.560,98.37437,609.604,-26.653
19.580,98.37540,609.013,-26.625
19.600,98.37696,608.432,-26.578
19.620,98.37593,607.917,-26.575
19.640,98.38103,607.331,-26.573
19.660,98.38053,606.799,-26.565
19.680,98.38411,606.231,-26.581
19.700,98.38671,605.649,-26.605
19.720,98.38671,605.111,-26.640
19.740,98.38469,604.658,-26.637
19.760,98.39489,604.022,-26.644
19.780,98.39440,603.441,-26.612
19.800,98.39285,602.938,-26.576
19.820,98.39547,602.418,-26.538
19.840,98.39749,601.895,-26.528
19.860,98.40365,601.279,-26.496
19.880,98.40622,600.652,-26.471
19.900,98.40776,600.036,-26.387
19.920,98.40978,599.422,-26.357
19.940,98.40670,598.920,-26.260
19.960,98.40677,598.457,-26.225
19.980,98.41238,597.911,-26.165
20.000,98.41750,597.295,-26.100
20.020,98.41341,596.814,-26.064
20.040,98.41854,596.261,-26.032
20.060,98.42364,595.639,-26.029
20.080,98.42368,595.061,-25.998
20.100,98.42265,594.550,-26.005
20.120,98.42368,594.057,-25.998
20.140,98.42162,593.649,-25.996
20.160,98.42675,593.167,-25.962
20.180,98.43240,592.601,-25.962
20.200,98.42935,592.145,-25.930
20.220,98.42989,591.715,-25.909
20.240,98.43651,591.179,-25.849
20.260,98.44112,590.584,-25.804
20.280,98.43858,590.089,-25.745
20.300,98.44321,589.532,-25.740
20.320,98.44576,588.964,-25.666
20.340,98.44729,588.404,-25.591
20.360,98.44778,587.876,-25.548
20.380,98.45090,587.322,-25.521
20.400,98.45090,586.811,-25.502
20.420,98.45500,586.252,-25.481
20.440,98.45705,585.689,-25.464
20.460,98.46169,585.070,-25.426
20.480,98.46017,584.528,-25.400
20.500,98.46577,583.907,-25.344
20.520,98.45861,583.487,-25.257
20.540,98.46528,582.959,-25.250
20.560,98.46734,582.427,-25.229
20.580,98.46580,581.972,-25.242
20.600,98.46887,581.488,-25.229
20.620,98.46989,581.020,-25.217
20.640,98.47198,580.547,-25.199
20.660,98.47352,580.080,-25.189
20.680,98.47555,579.607,-25.132
20.700,98.47865,579.105,-25.122
20.720,98.48171,578.578,-25.112
20.740,98.48378,578.046,-25.081
20.760,98.48633,577.501,-25.041
20.780,98.48225,577.086,-25.058
20.800,98.48431,576.663,-25.056
20.820,98.48891,576.176,-25.035
20.840,98.49148,575.673,-25.052
20.860,98.49100,575.220,-25.038
20.880,98.49199,574.784,-25.066
20.900,98.49047,574.418,-25.098
20.920,98.49252,574.042,-25.117
20.940,98.49249,573.701,-25.175
20.960,98.49865,573.258,-25.122
20.980,98.49766,572.875,-25.079
21.000,98.49969,572.482,-25.081
21.020,98.50329,572.045,-25.117
21.040,98.50843,571.533,-25.118
21.060,98.51100,571.004,-25.132
21.080,98.50946,570.549,-25.117
21.100,98.51612,569.986,-25.136
21.120,98.51357,569.520,-25.114
21.140,98.51921,568.969,-25.116
21.160,98.51665,568.515,-25.088
21.180,98.52435,567.930,-25.068
21.200,98.52280,567.421,-25.073
21.220,98.52845,566.829,-25.035
21.240,98.52539,566.345,-25.040
21.260,98.52795,565.844,-25.055
21.280,98.52898,565.360,-25.067
21.300,98.53410,564.803,-24.999
21.320,98.53104,564.353,-25.021
21.340,98.53310,563.895,-25.021
21.360,98.53924,563.341,-25.060
21.380,98.53822,562.850,-25.060
21.400,98.54129,562.331,-25.062
21.420,98.54388,561.795,-25.034
21.440,98.54440,561.288,-25.079
21.460,98.54234,560.865,-25.102
21.480,98.54748,560.366,-25.172
21.500,98.54796,559.896,-25.192
21.520,98.54953,559.428,-25.234
21.540,98.55363,558.909,-25.218
21.560,98.55415,558.418,-25.239
21.580,98.55824,557.877,-25.281
21.600,98.55774,557.387,-25.306
21.620,98.55981,556.890,-25.343
21.640,98.56390,556.343,-25.404
21.660,98.56339,555.848,-25.393
21.680,98.56185,555.424,-25.432
21.700,98.56750,554.913,-25.446
21.720,98.56853,554.419,-25.455
21.740,98.56960,553.940,-25.505
21.760,98.57416,553.401,-25.515
21.780,98.57469,552.889,-25.537
21.800,98.57623,552.384,-25.546
21.820,98.57931,551.850,-25.526
21.840,98.58495,551.234,-25.534
21.860,98.58290,550.705,-25.568
21.880,98.58546,550.161,-25.551
21.900,98.58700,549.624,-25.509
21.920,98.58752,549.117,-25.508
21.940,98.59367,548.515,-25.489
21.960,98.58701,548.100,-25.434
21.980,98.59162,547.621,-25.417
22.000,98.59522,547.101,-25.394
22.020,98.59779,546.566,-25.362
22.040,98.60137,545.993,-25.329
22.060,98.60141,545.461,-25.338
22.080,98.59628,545.080,-25.368
22.100,98.60395,544.567,-25.400
22.120,98.60345,544.105,-25.436
22.140,98.60908,543.558,-25.455
22.160,98.61115,543.006,-25.510
22.180,98.61066,542.506,-25.518
22.200,98.61167,542.023,-25.576
22.220,98.61320,541.546,-25.616
22.240,98.62141,540.928,-25.623
22.260,98.61990,540.387,-25.613
22.280,98.61837,539.919,-25.641
22.300,98.61477,539.568,-25.663
22.320,98.62449,539.038,-25.726
22.340,98.62296,538.582,-25.742
22.360,98.62961,538.018,-25.728
22.380,98.62811,537.529,-25.755
22.400,98.62859,537.067,-25.756
22.420,98.62862,536.643,-25.761
22.440,98.63682,536.076,-25.791
22.460,98.63580,535.573,-25.828
22.480,98.64041,535.008,-25.802
22.500,98.63939,534.508,-25.799
22.520,98.63991,534.035,-25.771
22.540,98.64349,533.522,-25.768
22.560,98.64503,533.015,-25.763
22.580,98.64913,532.458,-25.742
22.600,98.65224,531.874,-25.712
22.620,98.65427,531.290,-25.675
22.640,98.65992,530.625,-25.658
22.660,98.65276,530.160,-25.678
22.680,98.66094,529.557,-25.664
22.700,98.65942,529.029,-25.629
22.720,98.65944,528.542,-25.614
22.740,98.66504,527.972,-25.619
22.760,98.66149,527.521,-25.586
22.780,98.66405,527.052,-25.569
22.800,98.67019,526.487,-25.523
22.820,98.66817,526.009,-25.498
22.840,98.67072,525.514,-25.490
22.860,98.67482,524.968,-25.511
22.880,98.67278,524.508,-25.507
22.900,98.67230,524.096,-25.466
22.920,98.68253,523.498,-25.447
22.940,98.68201,522.955,-25.444
22.960,98.68151,522.463,-25.429
22.980,98.68356,521.966,-25.367
23.000,98.68764,521.420,-25.306
23.020,98.68818,520.903,-25.295
23.040,98.68818,520.426,-25.276
23.060,98.69177,519.909,-25.324
23.080,98.69537,519.355,-25.334
23.100,98.70099,518.720,-25.288
23.120,98.69846,518.184,-25.296
23.140,98.70255,517.601,-25.266
23.160,98.70512,517.005,-25.285
23.180,98.70564,516.441,-25.325
23.200,98.70769,515.875,-25.318
23.220,98.71078,515.284,-25.315
23.240,98.70462,514.870,-25.277
23.260,98.70925,514.391,-25.307
23.280,98.71487,513.830,-25.320
23.300,98.71693,513.266,-25.290
23.320,98.72053,512.666,-25.205
23.340,98.72157,512.088,-25.154
23.360,98.71951,511.598,-25.085
23.380,98.72207,511.091,-25.059
23.400,98.72365,510.590,-25.021
23.420,98.72462,510.109,-24.962
23.440,98.72876,509.576,-24.907
23.460,98.73284,508.995,-24.939
23.480,98.73081,508.502,-24.949
23.500,98.73235,508.015,-25.005
23.520,98.73238,507.567,-25.005
23.540,98.73748,507.046,-24.967
23.560,98.73697,506.577,-24.970
23.580,98.73800,506.124,-24.923
23.600,98.73648,505.742,-24.905
23.620,98.73956,505.328,-24.918
23.640,98.74368,504.860,-24.942
23.660,98.74775,504.343,-25.005
23.680,98.74775,503.865,-24.992
23.700,98.75032,503.371,-25.021
23.720,98.75083,502.905,-25.021
23.740,98.75595,502.366,-24.983
23.760,98.75391,501.912,-25.015
23.780,98.75494,501.473,-25.002
23.800,98.75446,501.082,-25.029
23.820,98.75906,500.626,-25.034
23.840,98.76159,500.152,-25.022
23.860,98.76315,499.683,-25.010
23.880,98.76572,499.195,-25.052
23.900,98.76216,498.824,-25.039
23.920,98.76679,498.386,-25.016
23.940,98.77187,497.874,-25.047
23.960,98.76778,497.491,-25.036
23.980,98.77239,497.042,-25.030
24.000,98.77139,496.651,-24.994
24.020,98.77753,496.162,-25.024
24.040,98.77755,495.710,-25.009
24.060,98.78574,495.117,-24.968
24.080,98.78471,494.589,-24.927
24.100,98.78679,494.055,-24.913
24.120,98.78933,493.507,-24.973
24.140,98.78884,493.010,-24.985
24.160,98.79292,492.462,-25.025
24.180,98.79703,491.866,-25.045
24.200,98.79549,491.347,-25.070
24.220,98.79857,490.800,-25.062
24.240,98.79654,490.338,-25.055
24.260,98.80011,489.835,-24.986
24.280,98.80318,489.305,-24.972
24.300,98.80321,488.815,-24.970
24.320,98.80370,488.352,-25.003
24.340,98.80167,487.971,-25.024
24.360,98.80473,487.558,-25.071
24.380,98.80681,487.135,-25.056
24.400,98.81040,486.669,-25.053
24.420,98.81094,486.229,-25.047
24.440,98.81505,485.736,-25.062
24.460,98.82118,485.148,-25.057
24.480,98.82323,484.558,-25.081
24.500,98.82785,483.909,-25.053
24.520,98.82580,483.350,-25.071
24.540,98.82428,482.865,-25.063
24.560,98.82939,482.307,-25.106
24.580,98.82533,481.878,-25.128
24.600,98.82839,481.419,-25.108
24.620,98.83249,480.908,-25.079
24.640,98.83556,480.370,-25.004
24.660,98.83812,479.817,-24.992
24.680,98.83968,479.270,-24.972
24.700,98.84019,478.754,-24.957
24.720,98.84174,478.244,-24.922
24.740,98.84074,477.794,-24.884
24.760,98.84736,477.238,-24.884
24.780,98.84892,476.689,-24.873
24.800,98.85506,476.048,-24.857
24.820,98.84992,475.563,-24.832
24.840,98.85354,475.037,-24.840
24.860,98.85457,474.529,-24.844
24.880,98.86069,473.928,-24.843
24.900,98.85971,473.391,-24.884
24.920,98.86278,472.829,-24.823
24.940,98.86277,472.308,-24.826
24.960,98.86176,471.850,-24.844
24.980,98.86638,471.329,-24.823
25.000,98.86433,470.893,-24.778
25.020,98.87201,470.326,-24.727
25.040,98.86945,469.857,-24.698
25.060,98.87000,469.414,-24.681
25.080,98.86997,469.008,-24.657
25.100,98.87307,468.571,-24.634
25.120,98.88021,468.015,-24.616
25.140,98.88023,467.501,-24.640
25.160,98.88332,466.959,-24.648
25.180,98.88180,466.491,-24.672
25.200,98.88539,465.983,-24.714
25.220,98.88284,465.569,-24.714
25.240,98.88334,465.181,-24.749
25.260,98.88540,464.782,-24.732
25.280,98.89100,464.297,-24.763
25.300,98.89053,463.860,-24.776
25.320,98.89615,463.338,-24.772
25.340,98.89462,462.888,-24.773
25.360,98.90025,462.353,-24.719
25.380,98.89824,461.901,-24.697
25.400,98.90079,461.432,-24.671
25.420,98.90233,460.967,-24.648
25.440,98.90746,460.428,-24.609
25.460,98.90438,459.995,-24.607
25.480,98.90746,459.533,-24.647
25.500,98.90646,459.128,-24.688
25.520,98.91413,458.592,-24.750
25.540,98.91465,458.086,-24.771
25.560,98.91929,457.517,-24.767
25.580,98.92081,456.957,-24.760
25.600,98.91825,456.493,-24.703
25.620,98.92236,455.978,-24.676
25.640,98.91723,455.613,-24.673
25.660,98.92441,455.126,-24.655
25.680,98.92287,454.710,-24.646
25.700,98.92697,454.240,-24.638
25.720,98.92545,453.841,-24.606
25.740,98.92802,453.421,-24.617
25.760,98.93111,452.968,-24.611
25.780,98.93518,452.464,-24.651
25.800,98.93727,451.953,-24.724
25.820,98.94034,451.414,-24.802
25.840,98.94341,450.849,-24.800
25.860,98.94394,450.313,-24.791
25.880,98.94547,449.785,-24.808
25.900,98.95160,449.162,-24.825
25.920,98.94650,448.694,-24.852
25.940,98.95316,448.119,-24.904
25.960,98.95368,447.574,-24.920
25.980,98.95676,447.003,-24.923
26.000,98.95267,446.562,-24.943
26.020,98.95676,446.068,-24.926
26.040,98.95678,445.613,-24.967
26.060,98.96189,445.083,-24.976
26.080,98.95630,444.715,-24.993
26.100,98.96088,444.281,-25.025
26.120,98.96293,443.839,-25.036
26.140,98.96908,443.299,-25.092
26.160,98.97113,442.756,-25.124
26.180,98.97268,442.219,-25.160
26.200,98.97421,441.689,-25.192
26.220,98.97424,441.198,-25.211
26.240,98.97884,440.646,-25.217
26.260,98.97834,440.145,-25.189
26.280,98.98396,439.562,-25.164
26.300,98.98244,439.053,-25.123
26.320,98.98399,438.550,-25.103
26.340,98.98758,438.008,-25.100
26.360,98.98656,437.528,-25.064
26.380,98.99117,436.987,-25.079
26.400,98.99220,436.464,-25.044
26.420,98.99271,435.970,-25.009
26.440,98.99374,435.492,-25.033
26.460,98.99785,434.963,-25.045
26.480,99.00040,434.419,-24.969
26.500,99.00195,433.882,-24.931
26.520,99.00348,433.352,-24.906
26.540,99.00399,432.852,-24.885
26.560,99.00604,432.346,-24.911
26.580,99.00401,431.923,-24.933
26.600,99.00555,431.503,-24.939
26.620,99.00965,431.030,-24.908
26.640,99.01221,430.538,-24.886
26.660,99.01069,430.119,-24.823
26.680,99.01273,429.691,-24.788
26.700,99.01479,429.255,-24.700
26.720,99.01482,428.854,-24.618
26.740,99.02199,428.332,-24.528
26.760,99.02456,427.794,-24.467
26.780,99.02711,427.241,-24.415
26.800,99.03326,426.596,-24.393
26.820,99.03120,426.040,-24.371
26.840,99.03018,425.547,-24.351
26.860,99.02917,425.114,-24.361
26.880,99.03483,424.596,-24.359
26.900,99.03226,424.172,-24.332
26.920,99.03790,423.663,-24.361
26.940,99.04150,423.114,-24.337
26.960,99.04047,422.628,-24.347
26.980,99.04356,422.114,-24.296
27.000,99.04456,421.617,-24.251
27.020,99.04559,421.137,-24.179
27.040,99.04865,420.629,-24.087
27.060,99.05074,420.115,-24.010
27.080,99.05482,419.552,-24.000
27.100,99.06046,418.908,-23.946
27.120,99.05844,418.353,-23.895
27.140,99.06050,417.794,-23.870
27.160,99.06100,417.266,-23.862
27.180,99.06203,416.756,-23.892
27.200,99.06665,416.185,-23.928
27.220,99.06512,415.690,-23.926
27.240,99.06971,415.134,-23.920
27.260,99.06871,414.641,-23.978
27.280,99.07076,414.143,-23.998
27.300,99.06666,413.773,-24.015
27.320,99.07331,413.294,-24.016
27.340,99.07333,412.852,-24.001
27.360,99.07436,412.424,-24.004
27.380,99.07847,411.944,-23.979
27.400,99.07797,411.512,-23.996
27.420,99.07898,411.096,-24.027
27.440,99.08822,410.514,-24.009
27.460,99.08514,410.042,-23.929
27.480,99.08104,409.696,-23.830
27.500,99.08617,409.272,-23.744
27.520,99.09232,408.751,-23.685
27.540,99.08874,408.347,-23.588
27.560,99.09745,407.788,-23.539
27.580,99.09593,407.305,-23.497
27.600,99.09594,406.859,-23.431
27.620,99.09747,406.416,-23.396
27.640,99.09797,406.000,-23.399
27.660,99.10156,405.540,-23.377
27.680,99.10158,405.117,-23.295
27.700,99.10003,404.764,-23.231
27.720,99.10004,404.442,-23.136
27.740,99.10415,404.063,-23.013
27.760,99.10875,403.617,-22.925
27.780,99.11029,403.174,-22.842
27.800,99.11337,402.700,-22.762
27.820,99.11491,402.230,-22.770
27.840,99.11544,401.786,-22.751
27.860,99.11954,401.289,-22.788
27.880,99.12108,400.796,-22.759
27.900,99.12006,400.362,-22.820
27.920,99.12416,399.876,-22.868
27.940,99.12622,399.382,-22.958
27.960,99.12724,398.904,-23.035
27.980,99.12263,398.562,-23.084
28.000,99.12366,398.231,-23.150
28.020,99.12775,397.841,-23.216
28.040,99.12468,397.552,-23.262
28.060,99.12981,397.180,-23.362
28.080,99.13648,396.697,-23.429
28.100,99.14008,396.172,-23.497
28.120,99.13956,395.698,-23.575
28.140,99.14418,395.159,-23.597
28.160,99.14367,394.670,-23.642
28.180,99.14983,394.086,-23.742
28.200,99.15237,393.487,-23.835
28.220,99.14983,392.984,-23.928
28.240,99.15292,392.453,-23.993
28.260,99.15958,391.816,-24.088
28.280,99.15907,391.234,-24.152
28.300,99.15651,390.748,-24.178
28.320,99.15958,390.233,-24.189
28.340,99.15958,389.757,-24.224
28.360,99.16164,389.273,-24.229
28.380,99.16267,388.805,-24.209
28.400,99.16676,388.284,-24.175
28.420,99.17088,387.712,-24.172
28.440,99.16782,387.249,-24.158
28.460,99.16269,386.932,-24.183
28.480,99.15961,386.714,-24.178
28.500,99.16166,386.477,-24.120
28.520,99.16678,386.157,-24.088
28.540,99.16372,385.933,-24.121
28.560,99.17244,385.547,-24.084
28.580,99.17448,385.149,-24.129
28.600,99.17706,384.728,-24.173
28.620,99.18270,384.220,-24.192
28.640,99.18680,383.660,-24.249
28.660,99.18476,383.183,-24.277
28.680,99.18220,382.798,-24.323
28.700,99.18578,382.369,-24.348
28.720,99.18322,382.029,-24.382
28.740,99.18321,381.720,-24.374
28.760,99.18372,381.430,-24.411
28.780,99.18476,381.145,-24.460
28.800,99.18579,380.865,-24.498
28.820,99.19349,380.448,-24.544
28.840,99.19554,380.019,-24.586
28.860,99.20681,379.380,-24.641
28.880,99.20324,378.860,-24.667
28.900,99.21195,378.188,-24.695
28.920,99.21657,377.461,-24.739
28.940,99.21967,376.712,-24.805
28.960,99.21812,376.043,-24.842
28.980,99.21915,375.396,-24.888
29.000,99.22171,374.737,-24.871
29.020,99.22427,374.067,-24.850
29.040,99.22428,373.440,-24.854
29.060,99.23147,372.701,-24.818
29.080,99.22890,372.066,-24.798
29.100,99.22838,371.484,-24.785
29.120,99.22736,370.967,-24.813
29.140,99.22582,370.522,-24.792
29.160,99.22993,370.024,-24.797
29.180,99.23966,369.355,-24.783
29.200,99.24121,368.697,-24.841
29.221,99.24019,368.106,-24.889
29.241,99.24173,367.524,-24.917
29.261,99.24431,366.928,-24.970
29.281,99.24481,366.365,-25.045
29.301,99.24174,365.909,-25.113
29.321,99.24738,365.369,-25.128
29.341,99.24738,364.869,-25.149
29.361,99.24686,364.419,-25.154
29.381,99.24635,364.019,-25.176
29.401,99.24379,363.709,-25.178
29.421,99.25150,363.263,-25.194
29.441,99.25252,362.832,-25.216
29.461,99.25150,362.459,-25.185
29.481,99.25406,362.065,-25.121
29.501,99.25508,361.684,-25.023
29.521,99.25663,361.302,-24.925
29.541,99.26175,360.844,-24.809
29.561,99.26022,360.456,-24.636
29.581,99.26484,360.002,-24.554
29.601,99.26946,359.484,-24.498
29.621,99.26997,358.995,-24.447
29.641,99.27663,358.400,-24.396
29.661,99.27613,357.858,-24.388
29.681,99.27819,357.312,-24.304
29.701,99.27922,356.784,-24.195
29.721,99.28537,356.163,-24.112
29.741,99.28383,355.619,-24.000
29.761,99.28896,355.004,-23.880
29.781,99.28947,354.421,-23.755
29.801,99.28999,353.871,-23.575
29.821,99.29153,353.327,-23.421
29.841,99.29306,352.791,-23.267
29.861,99.29768,352.196,-23.085
29.881,99.29359,351.733,-23.007
29.901,99.29565,351.263,-22.860
29.921,99.30231,350.686,-22.808
29.941,99.30437,350.108,-22.835
29.961,99.30231,349.617,-22.868
29.981,99.30591,349.087,-22.884
30.001,99.30641,348.587,-22.918
30.021,99.30849,348.081,-22.954
30.041,99.31106,347.559,-23.003
30.061,99.31310,347.033,-23.059
30.081,99.31361,346.537,-23.126
30.101,99.31106,346.135,-23.124
30.121,99.31617,345.658,-23.104
30.141,99.31413,345.264,-23.057
30.161,99.31617,344.861,-22.970
30.181,99.31771,344.460,-22.923
30.201,99.32388,343.960,-22.917
30.221,99.32337,343.511,-22.888
30.241,99.32697,343.021,-22.831
30.261,99.33054,342.493,-22.795
30.281,99.33003,342.015,-22.753
30.301,99.33311,341.510,-22.725
30.321,99.33260,341.055,-22.652
30.341,99.33364,340.614,-22.557
30.361,99.33518,340.177,-22.489
30.381,99.33877,339.699,-22.340
30.401,99.33878,339.258,-22.219
30.421,99.33980,338.833,-22.044
30.441,99.33979,338.443,-21.926
30.461,99.33981,338.087,-21.778
30.481,99.34441,337.665,-21.647
30.501,99.34698,337.222,-21.515
30.521,99.34853,336.782,-21.373
30.541,99.34493,336.457,-21.284
30.561,99.34443,336.173,-21.165
30.581,99.35056,335.787,-21.028
30.601,99.35519,335.334,-20.912
30.621,99.35672,334.885,-20.865
30.641,99.35468,334.515,-20.786
30.661,99.35930,334.078,-20.745
30.681,99.35520,333.766,-20.735
30.701,99.35828,333.417,-20.735
30.721,99.36135,333.034,-20.762
30.741,99.36392,332.628,-20.816
30.761,99.36650,332.200,-20.812
30.781,99.36906,331.751,-20.887
30.801,99.36496,331.426,-20.932
30.821,99.37059,331.010,-20.959
30.841,99.36650,330.717,-21.043
30.861,99.36446,330.496,-21.043
30.881,99.36906,330.201,-21.098
30.901,99.36752,329.969,-21.084
30.921,99.37368,329.629,-21.078
30.941,99.38190,329.142,-21.123
30.961,99.38292,328.669,-21.183
30.981,99.38548,328.175,-21.239
31.001,99.39011,327.618,-21.272
31.021,99.39113,327.078,-21.290
31.041,99.39370,326.520,-21.356
31.061,99.39780,325.913,-21.450
31.081,99.39523,325.401,-21.532
31.101,99.39268,324.983,-21.621
31.121,99.39420,324.565,-21.653
31.141,99.39524,324.157,-21.708
31.161,99.39524,323.783,-21.759
31.181,99.39935,323.353,-21.811
31.201,99.39780,322.989,-21.890
31.221,99.39678,322.678,-21.989
31.241,99.39729,322.385,-22.048
31.261,99.40140,322.031,-22.111
31.281,99.40141,321.708,-22.226
31.301,99.40551,321.325,-22.311
31.321,99.40654,320.951,-22.399
31.341,99.40141,320.719,-22.473
31.361,99.40756,320.380,-22.555
31.381,99.40141,320.202,-22.651
31.401,99.40858,319.893,-22.775
31.421,99.40756,319.633,-22.851
31.441,99.41013,319.343,-22.945
31.461,99.40860,319.113,-23.018
31.481,99.41476,318.775,-23.083
31.501,99.41527,318.454,-23.184
31.521,99.41630,318.138,-23.269
31.541,99.42451,317.672,-23.358
31.561,99.41885,317.362,-23.432
31.581,99.42142,317.023,-23.456
31.601,99.42245,316.690,-23.528
31.621,99.42964,316.230,-23.618
31.641,99.42810,315.837,-23.686
31.661,99.42912,315.451,-23.715
31.681,99.43682,314.929,-23.749
31.701,99.43887,314.398,-23.791
31.721,99.44453,313.781,-23.850
31.741,99.44504,313.192,-23.878
31.761,99.44247,312.696,-23.946
31.781,99.45017,312.070,-24.040
31.801,99.44915,311.505,-24.161
31.821,99.44965,310.967,-24.203
31.841,99.45837,310.277,-24.268
31.861,99.44965,309.819,-24.297
31.881,99.45479,309.284,-24.279
31.901,99.45377,308.807,-24.279
31.921,99.45582,308.322,-24.242
31.941,99.45838,307.816,-24.273
31.961,99.46146,307.279,-24.280
31.981,99.46608,306.681,-24.311
32.001,99.46301,306.188,-24.354
32.021,99.46352,305.721,-24.420
32.041,99.47070,305.133,-24.471
32.061,99.47482,304.496,-24.539
32.081,99.47430,303.912,-24.670
32.101,99.47789,303.290,-24.756
32.121,99.47686,302.732,-24.802
32.141,99.47789,302.191,-24.829
32.161,99.48251,301.589,-24.871
32.181,99.48404,300.995,-24.901
32.201,99.48917,300.331,-24.962
32.221,99.48867,299.721,-24.990
32.241,99.48764,299.176,-24.986
32.261,99.48764,298.671,-24.974
32.281,99.49380,298.070,-24.984
32.301,99.49380,297.511,-24.977
32.321,99.49433,296.981,-24.951
32.341,99.49636,296.446,-24.897
32.361,99.49944,295.884,-24.758
32.381,99.50304,295.286,-24.646
32.401,99.50612,294.663,-24.489
32.421,99.50356,294.138,-24.379
32.441,99.50817,293.554,-24.258
32.461,99.50868,293.001,-24.159
32.481,99.51125,292.432,-24.039
32.501,99.51433,291.840,-23.953
32.521,99.51331,291.312,-23.873
32.541,99.51536,290.779,-23.784
32.561,99.52049,290.177,-23.750
32.581,99.51844,289.661,-23.646
32.601,99.52151,289.119,-23.554
32.621,99.52254,288.596,-23.468
32.641,99.52153,288.135,-23.419
32.661,99.52203,287.701,-23.342
32.681,99.52153,287.315,-23.235
32.701,99.52972,286.787,-23.189
32.721,99.53230,286.244,-23.091
32.741,99.52870,285.818,-23.044
32.761,99.53436,285.308,-23.006
32.781,99.53845,284.749,-22.935
32.801,99.54256,284.143,-22.927
32.821,99.54050,283.624,-22.894
32.841,99.54103,283.135,-22.843
32.861,99.54411,282.619,-22.861
32.881,99.54411,282.143,-22.793
32.901,99.54513,281.683,-22.760
32.921,99.54565,281.250,-22.721
32.941,99.55130,280.732,-22.687
32.961,99.54360,280.421,-22.636
32.981,99.54873,280.030,-22.593
33.001,99.55079,279.630,-22.592
33.021,99.55232,279.233,-22.551
33.041,99.55283,278.859,-22.441
33.061,99.55540,278.465,-22.405
33.081,99.56207,277.961,-22.380
33.101,99.56258,277.486,-22.340
33.121,99.56361,277.026,-22.362
33.141,99.56311,276.615,-22.390
33.161,99.56721,276.151,-22.372
33.181,99.56926,275.679,-22.407
33.201,99.57234,275.180,-22.439
33.221,99.57337,274.697,-22.466
33.241,99.57388,274.241,-22.486
33.261,99.57594,273.778,-22.447
33.281,99.57799,273.307,-22.410
33.301,99.57952,272.842,-22.442
33.321,99.57645,272.480,-22.471
33.341,99.57542,272.173,-22.502
33.361,99.57337,271.942,-22.547
33.381,99.57388,271.727,-22.609
33.401,99.57799,271.451,-22.657
33.421,99.58004,271.160,-22.699
33.441,99.58311,270.831,-22.694
33.461,99.58671,270.456,-22.685
33.481,99.58928,270.059,-22.677
33.501,99.59082,269.661,-22.664
33.521,99.59441,269.219,-22.687
33.541,99.59595,268.780,-22.692
33.561,99.59801,268.330,-22.715
33.581,99.59852,267.906,-22.772
33.601,99.60109,267.460,-22.805
33.621,99.60416,266.983,-22.816
33.641,99.60519,266.520,-22.834
33.661,99.60673,266.060,-22.875
33.681,99.60571,265.658,-22.900
33.701,99.60879,265.222,-22.890
33.721,99.60365,264.932,-22.910
33.741,99.60776,264.581,-22.950
33.761,99.61135,264.184,-22.991
33.781,99.61340,263.776,-23.035
33.801,99.61649,263.335,-23.100
33.821,99.61803,262.894,-23.208
33.841,99.61854,262.478,-23.275
33.861,99.62162,262.027,-23.340
33.881,99.62316,261.579,-23.406
33.901,99.62572,261.109,-23.475
33.921,99.62931,260.599,-23.517
33.941,99.63138,260.080,-23.540
33.961,99.63034,259.622,-23.626
33.981,99.63138,259.176,-23.585
34.001,99.63548,258.676,-23.625
34.021,99.63702,258.179,-23.662
34.041,99.63138,257.841,-23.675
34.061,99.63651,257.423,-23.677
34.081,99.63702,257.026,-23.680
34.101,99.63908,256.619,-23.736
34.121,99.64626,256.089,-23.747
34.141,99.65139,255.486,-23.762
34.161,99.64832,254.990,-23.795
34.181,99.65343,254.421,-23.837
34.201,99.65498,253.858,-23.891
34.221,99.65241,253.389,-23.980
34.241,99.65550,252.890,-24.036
34.261,99.65241,252.494,-24.099
34.281,99.65601,252.054,-24.167
34.301,99.66165,251.526,-24.197
34.321,99.66473,250.970,-24.269
34.341,99.66782,250.387,-24.251
34.361,99.67089,249.778,-24.218
34.381,99.67346,249.156,-24.156
34.401,99.67141,248.619,-24.079
34.421,99.67089,248.133,-24.044
34.441,99.67089,247.684,-24.032
34.461,99.66936,247.303,-24.014
34.481,99.67192,246.900,-23.988
34.501,99.67192,246.531,-23.989
34.521,99.67654,246.093,-23.969
34.541,99.67860,245.647,-23.919
34.561,99.68219,245.158,-23.900
34.581,99.68424,244.662,-23.867
34.601,99.68681,244.148,-23.810
34.621,99.68423,243.728,-23.774
34.641,99.68732,243.275,-23.779
34.661,99.69450,242.702,-23.792
34.681,99.69553,242.148,-23.798
34.701,99.69502,241.645,-23.768
34.721,99.69399,241.201,-23.785
34.741,99.69707,240.727,-23.732
34.761,99.70425,240.135,-23.708
34.781,99.70220,239.627,-23.714
34.801,99.70425,239.114,-23.721
34.821,99.70837,238.551,-23.723
34.841,99.70888,238.016,-23.703
34.861,99.71145,237.466,-23.654
34.881,99.71196,236.945,-23.582
34.901,99.71555,236.385,-23.537
34.921,99.71452,235.888,-23.487
34.941,99.71504,235.417,-23.451
34.961,99.72068,234.862,-23.417
34.981,99.71607,234.447,-23.386
35.001,99.72427,233.890,-23.365
35.021,99.72530,233.352,-23.379
35.041,99.72427,232.875,-23.410
35.061,99.72582,232.402,-23.351
35.081,99.72684,231.945,-23.321
35.101,99.72992,231.458,-23.305
35.121,99.72736,231.064,-23.247
35.141,99.72992,230.649,-23.201
35.161,99.73608,230.136,-23.247
35.181,99.73660,229.651,-23.267
35.201,99.73916,229.148,-23.314
35.221,99.74378,228.584,-23.348
35.241,99.74224,228.094,-23.353
35.261,99.74583,227.565,-23.367
35.281,99.74788,227.031,-23.338
35.301,99.74429,226.615,-23.324
35.321,99.75148,226.078,-23.355
35.341,99.74686,225.682,-23.393
35.361,99.74943,225.264,-23.461
35.381,99.75148,224.837,-23.513
35.401,99.75251,224.423,-23.601
35.421,99.75713,223.945,-23.640
35.441,99.76174,223.405,-23.660
35.461,99.76122,222.916,-23.683
35.481,99.76020,222.487,-23.674
35.501,99.76431,222.005,-23.653
35.521,99.76379,221.573,-23.650
35.541,99.75970,221.263,-23.659
35.561,99.76534,220.863,-23.656
35.581,99.76482,220.509,-23.707
35.601,99.76483,220.186,-23.755
35.621,99.76791,219.827,-23.799
35.641,99.77354,219.380,-23.782
35.661,99.77663,218.902,-23.760
35.681,99.77766,218.439,-23.768
35.701,99.77766,218.012,-23.808
35.721,99.78381,217.487,-23.817
35.741,99.78381,217.001,-23.784
35.761,99.78690,216.487,-23.785
35.781,99.79048,215.933,-23.844
35.801,99.79203,215.386,-23.851
35.821,99.79202,214.878,-23.886
35.841,99.79100,214.432,-23.934
35.861,99.79048,214.031,-23.972
35.881,99.78792,213.721,-24.009
35.901,99.79305,213.329,-24.056
35.921,99.79305,212.971,-24.123
35.941,99.79459,212.612,-24.123
35.961,99.79613,212.252,-24.156
35.981,99.80075,211.824,-24.201
36.001,99.80435,211.354,-24.167
36.021,99.80794,210.842,-24.184
36.041,99.81205,210.279,-24.182
36.061,99.80999,209.801,-24.174
36.081,99.81205,209.315,-24.189
36.101,99.81666,208.766,-24.156
36.121,99.81307,208.334,-24.173
36.141,99.81051,207.992,-24.145
36.161,99.82026,207.472,-24.143
36.181,99.82333,206.923,-24.188
36.201,99.82487,206.381,-24.212
36.221,99.82539,205.868,-24.234
36.241,99.82795,205.337,-24.290
36.261,99.82898,204.822,-24.336
36.281,99.83052,204.313,-24.377
36.301,99.83206,203.809,-24.432
36.321,99.83566,203.265,-24.447
36.341,99.83668,202.739,-24.505
36.361,99.84078,202.164,-24.467
36.381,99.83924,201.662,-24.465
36.401,99.84438,201.088,-24.443
36.421,99.84386,200.566,-24.385
36.441,99.84541,200.050,-24.364
36.461,99.84899,199.496,-24.371
36.481,99.85053,198.948,-24.395
36.501,99.85002,198.452,-24.367
36.521,99.85567,197.872,-24.345
36.541,99.85618,197.323,-24.366
36.561,99.85618,196.814,-24.328
36.581,99.86285,196.200,-24.343
36.601,99.86388,195.607,-24.304
36.621,99.86439,195.045,-24.246
36.641,99.86285,194.558,-24.204
36.661,99.86285,194.109,-24.199
36.681,99.86285,193.697,-24.186
36.701,99.86902,193.187,-24.139
36.721,99.86902,192.717,-24.096
36.741,99.86850,192.295,-24.087
36.761,99.87312,191.809,-24.045
36.781,99.87620,191.295,-24.088
36.801,99.87569,190.831,-24.101
36.821,99.88030,190.306,-24.058
36.841,99.88132,189.797,-23.984
36.861,99.88287,189.295,-23.937
36.881,99.88390,188.809,-23.841
36.901,99.88800,188.274,-23.645
36.921,99.89005,187.734,-23.517
36.941,99.88646,187.312,-23.388
36.961,99.89365,186.772,-23.266
36.981,99.89262,186.294,-23.176
37.001,99.89108,185.887,-23.121
37.021,99.89262,185.481,-23.062
37.041,99.89262,185.110,-23.060
37.061,99.89621,184.696,-23.030
37.081,99.90083,184.218,-22.959
37.101,99.89724,183.855,-22.781
37.121,99.90392,183.380,-22.657
37.141,99.90442,182.933,-22.577
37.161,99.90853,182.433,-22.461
37.181,99.91161,181.906,-22.393
37.201,99.91212,181.407,-22.307
37.221,99.91264,180.936,-22.199
37.241,99.91572,180.435,-22.074
37.261,99.91930,179.896,-21.964
37.281,99.91880,179.408,-21.878
37.301,99.92188,178.891,-21.832
37.321,99.92393,178.370,-21.784
37.341,99.92547,177.855,-21.817
37.361,99.92188,177.457,-21.836
37.381,99.92701,176.982,-21.842
37.401,99.92649,176.556,-21.783
37.421,99.92393,176.221,-21.756
37.441,99.92751,175.840,-21.702
37.461,99.92957,175.449,-21.687
37.481,99.93574,174.958,-21.652
37.501,99.93368,174.550,-21.636
37.521,99.93368,174.177,-21.650
37.541,99.94292,173.638,-21.752
37.561,99.94343,173.127,-21.801
37.581,99.94804,172.556,-21.833
37.601,99.94549,172.080,-21.895
37.621,99.94651,171.620,-21.944
37.641,99.94907,171.141,-22.012
37.661,99.95164,170.644,-22.049
37.681,99.95113,170.197,-22.100
37.701,99.94907,169.829,-22.180
37.721,99.95318,169.406,-22.306
37.741,99.95472,168.985,-22.363
37.761,99.95370,168.621,-22.306
37.781,99.96498,168.046,-22.287
37.801,99.96088,167.601,-22.258
37.821,99.95574,167.301,-22.146
37.841,99.95523,167.042,-22.144
37.861,99.96293,166.646,-22.177
37.881,99.96088,166.328,-22.216
37.901,99.95420,166.183,-22.279
37.921,99.96088,165.917,-22.362
37.941,99.96395,165.614,-22.442
37.961,99.96704,165.273,-22.490
37.981,99.97268,164.841,-22.557
38.001,99.97576,164.377,-22.573
38.021,99.97525,163.960,-22.574
38.041,99.98192,163.432,-22.564
38.061,99.97781,163.030,-22.533
38.081,99.97832,162.650,-22.481
38.101,99.96601,162.566,-22.510
38.121,99.97114,162.392,-22.493
38.141,99.98346,161.977,-22.533
38.161,99.98500,161.560,-22.550
38.181,99.98448,161.188,-22.623
38.201,99.98243,160.891,-22.703
38.221,99.98141,160.643,-22.777
38.241,99.98192,160.410,-22.868
38.261,99.98397,160.158,-22.953
38.281,99.98911,159.820,-23.056
38.301,99.99577,159.368,-23.129
38.321,99.99731,158.916,-23.215
38.341,100.00706,158.288,-23.334
38.361,100.00758,157.689,-23.440
38.381,100.00552,157.174,-23.524
38.401,100.00193,156.772,-23.626
38.421,100.00398,156.358,-23.712
38.441,100.00450,155.964,-23.781
38.461,100.01066,155.470,-23.847
38.481,100.00809,155.065,-23.895
38.501,100.01219,154.604,-23.964
38.521,100.01939,154.023,-24.012
38.541,100.02811,153.292,-24.012
38.561,100.02451,152.684,-24.121
38.581,100.02554,152.094,-24.200
38.601,100.02605,151.532,-24.330
38.621,100.02657,150.998,-24.422
38.641,100.03169,150.391,-24.480
38.661,100.03273,149.803,-24.580
38.681,100.03786,149.144,-24.649
38.701,100.04504,148.374,-24.764
38.721,100.04812,147.585,-24.836
38.741,100.04299,146.955,-24.908
38.761,100.03273,146.588,-24.975
38.781,100.03632,146.176,-25.033
38.801,100.03529,145.821,-25.159
38.821,100.02810,145.651,-25.240
38.841,100.04042,145.240,-25.236
38.861,100.04710,144.720,-25.217
38.881,100.04966,144.182,-25.242
38.901,100.05479,143.572,-25.230
38.921,100.05633,142.971,-25.160
38.941,100.05736,142.390,-25.132
38.961,100.06044,141.783,-25.119
38.981,100.05890,141.250,-25.140
39.001,100.05685,140.802,-25.177
39.021,100.05992,140.323,-25.243
39.041,100.06044,139.869,-25.261
39.061,100.06094,139.440,-25.322
39.081,100.05838,139.102,-25.402
39.101,100.06660,138.618,-25.400
39.121,100.06813,138.139,-25.305
39.141,100.07172,137.619,-25.241
39.161,100.07172,137.137,-25.270
39.181,100.07788,136.561,-25.257
39.201,100.07890,136.004,-25.272
39.221,100.08096,135.442,-25.247
39.241,100.08609,134.811,-25.172
39.261,100.08558,134.234,-25.082
39.281,100.08763,133.655,-24.998
39.301,100.08763,133.117,-24.898
39.321,100.08969,132.574,-24.830
39.341,100.09482,131.962,-24.771
39.361,100.09534,131.381,-24.762
39.381,100.09943,130.755,-24.787
39.401,100.09995,130.161,-24.740
39.421,100.10201,129.566,-24.683
39.441,100.10611,128.925,-24.619
39.461,100.10559,128.340,-24.562
39.481,100.10509,127.809,-24.534
39.501,100.10457,127.330,-24.456
39.521,100.10765,126.823,-24.392
39.541,100.10508,126.411,-24.390
39.561,100.11278,125.869,-24.417
39.581,100.11175,125.390,-24.397
39.601,100.11689,124.840,-24.408
39.621,100.11790,124.309,-24.398
39.641,100.11636,123.853,-24.385
39.661,100.12202,123.312,-24.427
39.681,100.11945,122.867,-24.426
39.701,100.12868,122.262,-24.493
39.721,100.12920,121.689,-24.579
39.741,100.12868,121.170,-24.662
39.761,100.12971,120.670,-24.730
39.781,100.13331,120.132,-24.657
39.801,100.13382,119.623,-24.595
39.821,100.13586,119.111,-24.532
39.841,100.13382,118.683,-24.383
39.861,100.13638,118.237,-24.351
39.881,100.13741,117.806,-24.337
39.901,100.13844,117.390,-24.334
39.921,100.14152,116.944,-24.363
39.941,100.14357,116.492,-24.346
39.961,100.14613,116.022,-24.373
39.981,100.15076,115.492,-24.347
40.001,100.15076,115.002,-24.338
40.021,100.15486,114.463,-24.312
40.041,100.15280,114.009,-24.283
40.061,100.15486,113.549,-24.244
40.081,100.16512,112.906,-24.178
40.101,100.15794,112.462,-24.100
40.121,100.16255,111.956,-24.091
40.141,100.16512,111.436,-24.069
40.161,100.16820,110.889,-24.067
40.181,100.16512,110.450,-24.050
40.201,100.17230,109.894,-24.048
40.221,100.17332,109.358,-24.015
40.241,100.17230,108.884,-23.962
40.261,100.17332,108.427,-23.943
40.281,100.17590,107.953,-23.895
40.301,100.17282,107.583,-23.839
40.321,100.17333,107.236,-23.804
40.341,100.17641,106.857,-23.820
40.361,100.17641,106.512,-23.874
40.381,100.18360,106.045,-23.905
40.401,100.18000,105.694,-23.969
40.421,100.18616,105.242,-24.028
40.441,100.18667,104.818,-24.109
40.461,100.19078,104.341,-24.203
40.481,100.19181,103.879,-24.295
40.501,100.19180,103.454,-24.373
40.521,100.19334,103.032,-24.420
40.541,100.19695,102.569,-24.442
40.561,100.19540,102.176,-24.442
40.581,100.19643,101.794,-24.502
40.601,100.20258,101.315,-24.525
40.621,100.20309,100.862,-24.573
40.641,100.20617,100.380,-24.650
40.661,100.21080,99.835,-24.676
40.681,100.20823,99.386,-24.760
40.701,100.21490,98.830,-24.776
40.721,100.21336,98.347,-24.837
40.741,100.21336,97.903,-24.926
40.761,100.22002,97.351,-24.961
40.781,100.21643,96.916,-25.043
40.801,100.21798,96.484,-25.091
40.821,100.22260,95.989,-25.119
40.841,100.22260,95.531,-25.143
40.861,100.22876,94.978,-25.141
40.881,100.22773,94.487,-25.147
40.901,100.23029,93.980,-25.145
40.921,100.23286,93.455,-25.146
40.941,100.22875,93.059,-25.133
40.961,100.23697,92.519,-25.131
40.981,100.23029,92.163,-25.140
41.001,100.23798,91.675,-25.182
41.021,100.24107,91.157,-25.199
41.041,100.24107,90.679,-25.237
41.061,100.24363,90.183,-25.238
41.081,100.24312,89.736,-25.268
41.101,100.24773,89.226,-25.319
41.121,100.25185,88.666,-25.324
41.141,100.25235,88.137,-25.354
41.161,100.25492,87.591,-25.384
41.181,100.25645,87.052,-25.440
41.201,100.25594,86.565,-25.470
41.221,100.25491,86.137,-25.534
41.241,100.25338,85.777,-25.563
41.261,100.25594,85.396,-25.586
41.281,100.25646,85.036,-25.622
41.301,100.25646,84.709,-25.665
41.321,100.26262,84.281,-25.648
41.341,100.27031,83.723,-25.599
41.361,100.27340,83.139,-25.563
41.381,100.27390,82.585,-25.517
41.401,100.27699,82.005,-25.508
41.421,100.27956,81.411,-25.493
41.441,100.28365,80.772,-25.480
41.461,100.28519,80.143,-25.464
41.481,100.28828,79.491,-25.484
41.501,100.29135,78.818,-25.512
41.521,100.29135,78.190,-25.512
41.541,100.28930,77.651,-25.520
41.561,100.29238,77.085,-25.514
41.581,100.29597,76.485,-25.503
41.601,100.29597,75.927,-25.493
41.621,100.29751,75.378,-25.501
41.641,100.30367,74.737,-25.504
41.661,100.30264,74.163,-25.522
41.681,100.30779,73.521,-25.558
41.701,100.30573,72.968,-25.564
41.721,100.30572,72.457,-25.620
41.741,100.31188,71.854,-25.660
41.761,100.30982,71.339,-25.654
41.781,100.31804,70.687,-25.714
41.801,100.31393,70.170,-25.730
41.821,100.31444,69.681,-25.762
41.841,100.31547,69.210,-25.765
41.861,100.31803,68.723,-25.751
41.881,100.32008,68.231,-25.754
41.901,100.32162,67.745,-25.768
41.921,100.32470,67.232,-25.784
41.941,100.32368,66.782,-25.808
41.961,100.32624,66.314,-25.753
41.981,100.32880,65.829,-25.788
42.001,100.33189,65.318,-25.738
42.021,100.33240,64.836,-25.723
42.041,100.33445,64.348,-25.754
42.061,100.33548,63.878,-25.766
42.081,100.34061,63.336,-25.774
42.101,100.33651,62.923,-25.792
42.121,100.34164,62.437,-25.796
42.141,100.34369,61.945,-25.847
42.161,100.34471,61.470,-25.860
42.181,100.34831,60.957,-25.891
42.201,100.35190,60.407,-25.905
42.221,100.35242,59.887,-25.930
42.241,100.35087,59.441,-25.910
42.261,100.35448,58.955,-25.843
42.281,100.35857,58.420,-25.804
42.301,100.36062,57.881,-25.756
42.321,100.36011,57.395,-25.697
42.341,100.35960,56.959,-25.665
42.361,100.36113,56.527,-25.640
42.381,100.36421,56.065,-25.661
42.401,100.36524,55.620,-25.667
42.421,100.37140,55.079,-25.657
42.441,100.36934,54.624,-25.651
42.461,100.37192,54.151,-25.691
42.481,100.37653,53.617,-25.738
42.501,100.37961,53.057,-25.763
42.521,100.38012,52.528,-25.811
42.541,100.38320,51.973,-25.803
42.561,100.38166,51.493,-25.823
42.581,100.38628,50.953,-25.857
42.601,100.38935,50.388,-25.900
42.621,100.38885,49.876,-25.941
42.641,100.39140,49.348,-25.980
42.661,100.39449,48.795,-26.037
42.681,100.39500,48.273,-26.070
42.701,100.39809,47.725,-26.115
42.721,100.40116,47.152,-26.197
42.741,100.40424,46.556,-26.228
42.761,100.40269,46.037,-26.276
42.781,100.40784,45.447,-26.282
42.801,100.40988,44.857,-26.363
42.821,100.41348,44.234,-26.360
42.841,100.40987,43.732,-26.370
42.861,100.41090,43.248,-26.351
42.881,100.41090,42.803,-26.368
42.901,100.41707,42.263,-26.374
42.921,100.41809,41.743,-26.387
42.941,100.42066,41.208,-26.394
42.961,100.41860,40.759,-26.397
42.981,100.42477,40.215,-26.369
43.001,100.42527,39.702,-26.367
43.021,100.42578,39.218,-26.408
43.041,100.43143,38.653,-26.418
43.061,100.43349,38.085,-26.400
43.081,100.43400,37.549,-26.377
43.101,100.43964,36.934,-26.363
43.121,100.43708,36.418,-26.299
43.141,100.44273,35.821,-26.265
43.161,100.44118,35.301,-26.253
43.181,100.44427,34.756,-26.190
43.201,100.44476,34.242,-26.188
43.221,100.45042,33.648,-26.199
43.241,100.44939,33.119,-26.211
43.261,100.44939,32.632,-26.177
43.281,100.45401,32.085,-26.130
43.301,100.45606,31.536,-26.125
43.321,100.45915,30.963,-26.160
43.341,100.46017,30.411,-26.153
43.361,100.45708,29.968,-26.133
43.381,100.46324,29.430,-26.143
43.401,100.46479,28.901,-26.159
43.421,100.46324,28.446,-26.133
43.441,100.46529,27.985,-26.155
43.461,100.47043,27.453,-26.149
43.481,100.47300,26.908,-26.130
43.501,100.47144,26.437,-26.115
43.521,100.47453,25.939,-26.123
43.541,100.47144,25.547,-26.114
43.561,100.48070,24.993,-26.099
43.581,100.48273,24.437,-26.067
43.601,100.48427,23.890,-26.040
43.621,100.48787,23.308,-26.237
43.641,100.48940,22.737,-26.452
43.661,100.48992,22.197,-26.539
43.681,100.49146,21.666,-26.527
43.701,100.49094,21.187,-26.446
43.721,100.50172,20.517,-26.370
43.741,100.49967,19.937,-26.273
43.761,100.49864,19.422,-26.164
43.781,100.49967,18.927,-26.025
43.801,100.50429,18.372,-25.905
43.821,100.50172,17.915,-25.801
43.841,100.50685,17.386,-25.697
43.861,100.50531,16.931,-25.562
43.881,100.51199,16.372,-25.388
43.901,100.51199,15.855,-25.208
43.921,100.51507,15.313,-25.032
43.941,100.51505,14.813,-24.858
43.961,100.51967,14.254,-24.668
43.981,100.51659,13.803,-24.421
44.001,100.52173,13.281,-24.213
44.021,100.52737,12.678,-23.958
44.041,100.52634,12.142,-23.707
44.061,100.52583,11.658,-23.457
44.081,100.52686,11.192,-23.192
44.101,100.52686,10.764,-22.928
44.121,100.52891,10.330,-22.675
44.141,100.53095,9.889,-22.372
44.161,100.53558,9.387,-22.127
44.181,100.53198,9.001,-21.821
44.201,100.53917,8.497,-21.535
44.221,100.54175,7.977,-21.255
44.241,100.54482,7.432,-20.946
44.261,100.54431,6.940,-20.625
44.281,100.54329,6.509,-20.267
44.301,100.54790,6.015,-19.939
44.321,100.55458,5.418,-19.635
44.341,100.55354,4.887,-19.318
44.361,100.55662,4.331,-19.006
44.381,100.56279,3.684,-18.619
44.401,100.56382,3.062,-18.273
44.421,100.56227,2.516,-17.907
44.441,100.56586,1.936,-17.535
44.461,100.56792,1.355,-17.156
44.481,100.56792,0.816,-16.804
44.501,100.56740,0.330,-16.469
44.521,100.57099,-0.193,-16.045
44.541,100.57253,-0.709,-15.642
44.561,100.57253,-1.183,-15.207
44.581,100.57561,-1.686,-14.827
44.601,100.57510,-2.137,-14.458
44.621,100.60383,-3.165,-14.065
44.641,100.61103,-4.286,-13.709
44.661,100.59665,-5.034,-13.318
44.681,100.58536,-5.491,-12.919
44.701,100.58022,-5.798,-12.535
44.721,100.58125,-6.094,-12.143
44.741,100.57919,-6.315,-11.785
44.761,100.57767,-6.473,-11.407
44.781,100.57919,-6.637,0.000
44.801,100.58023,-6.797,0.000
44.821,100.58331,-6.997,0.000
44.841,100.58330,-7.170,0.000
44.861,100.58640,-7.383,0.000
44.881,100.58382,-7.514,0.000
44.901,100.58690,-7.687,0.000
44.921,100.58434,-7.780,0.000
44.941,100.58690,-7.907,0.000
44.961,100.58536,-7.977,0.000
44.981,100.58433,-8.006,0.000
45.001,100.58587,-8.049,0.000
45.021,100.58278,-8.008,0.000
45.041,100.58588,-8.020,0.000
45.061,100.58330,-7.960,0.000
45.081,100.58228,-7.865,0.000
45.101,100.58536,-7.824,0.000
45.121,100.58381,-7.739,0.000
45.141,100.58278,-7.620,0.000
45.161,100.58741,-7.591,0.000
45.181,100.58382,-7.474,0.000
45.201,100.58691,-7.415,0.000
45.221,100.58948,-7.401,0.000
45.241,100.58279,-7.233,0.000
45.261,100.58536,-7.115,0.000
45.281,100.58330,-6.947,0.000
45.301,100.58485,-6.808,0.000
45.321,100.58845,-6.742,0.000
45.341,100.58637,-6.624,0.000
45.361,100.58844,-6.547,0.000
45.381,100.58484,-6.385,0.000
45.401,100.58638,-6.256,0.000
45.421,100.58432,-6.079,0.000
45.441,100.58792,-5.979,0.000
45.461,100.58742,-5.865,0.000
45.481,100.58792,-5.759,0.000
45.501,100.58997,-5.696,0.000
45.521,100.58228,-5.465,0.000
45.541,100.58433,-5.280,0.000
45.561,100.58586,-5.131,0.000
45.581,100.58534,-4.972,0.000
45.601,100.58689,-4.848,0.000
45.621,100.58432,-4.670,0.000
45.641,100.58691,-4.550,0.000
45.661,100.58382,-4.366,0.000
45.681,100.58331,-4.175,0.000
45.701,100.58587,-4.044,0.000
45.721,100.58690,-3.938,0.000
45.741,100.58278,-3.746,0.000
45.761,100.58381,-3.582,0.000
